palavra,dicionarizado,categoria_gramatical,idioma_origem,definicao,frase_de_abonacao
ABISAR,(A),[V],Lat>Port,"Dar aviso a, informar, previnir. Variante de avisar.","ele foi abisado que tava com...mas ê num ligava pra coisa né pra pressão arta né. (Ent.07,linha 180)"
ABUSANTE,(n/d),[Adj],Lat>Port,Que excede o permitido.,"Cê faz ôta cumpá (C...) faz ôta dessa fica abusano cê é muito abusante. (Ent. 10, linha 227)"
ABUSCAR,(A),[V],obs.,Tratar de trazer ou levar. Variante de buscar.,"...fui buscá dispesa é maco maco...ganhei fui abuscá...busquei...ô truxe um sacão assim ó tudo cheio (Ent.04,linha 152)"
ACUIER,(n/d),[V],(n/e),"Tirar,desprender separando do ramo ou da haste; apanhar. Variante de colher.","...o arroz que tinha ... que tava sem cortá levantô e nózi ... nós consiguiu acuiê. (Ent.07,linha 28)"
ADOBE,(A),Nm[Ssing],Ár.,"Tijolo feito de argila, seco ou cozido ao sol, geralmente acrescido de capim ou palha, para torná-lo mais resistente.","Fui embora pra casa de mamãe lá ê fez dois cômodo no Papagai num terreno que ê comprô...aí fez menina um trenzim assim de adobe...(Ent.06,linha 139)"
ALEMBRAR,(A),[V],Lat>Port,"Trazer algo à memória, recordar, relembrar. Variante de lembrar","Ele era fei menina em vida ô num alembro dele não mais diz que ê era fei demais muito fiuzim... (Ent. 06, linha 375)"
ALEVANTAR,(A),[V],Lat>Port,"Colocar ou colocar-se de pé, elevar-se. Variante de levantar.","Com deus me deito com deus me alevanto...com a graça divina e o sinhô isprito santo (Ent.01, linha 333)"
ALEVAR,(A),[V],Lat>Port,"Fazer passar de um lugar para outro, carregar, transportar. Variante de levar.","Ê pegô a cabeça dele assim e impurrô ê pra baxo e ê falô nossa sinhora d’aparicida ondé que cês vão alevá ieu"" aí ê saiu avuano memo e virô lá po lado do Cardoso e ê viu que é o disco voadô memo"" (Ent.06,linha 139)"
ANDAR IGUAL GALINHA TONTA,(n/d),[Fras],(n/e),"Vaguear transtornado, caminhar fora de si.","...nôto dia eu andava o terrero todo iguali galinha tonta mais depois que eu armucei que eu peguei o distino (Ent.06,linha 270)"
ANDAR NA TÁBA DA BERADA,(n/d),[Fras],(n/e),Ver-se em situação de apuro.,"Dessa vez o (T...) ...andô na taba da berada depois sarô... (Ent.06,linha 163)"
ANDU,(A),Nm[Ssing],Afr.,"Semente do anduzeiro, similar a um feijão.","Ah armoço andu podre chei de bicho grudura de boi farinha de mãidoca arrozi daquele arroz vermei cê pudia sentá na testa dum qu’ê caía de costa (Ent.07, linha 250)"
ANDUZERO,(A),Nm[Ssing],Afr.,Arbusto da família das leguminosas cuja semente donomina-se andu.,"de tudo contuá que cê pensá...é fejão...é mio...mandiocal...anduzêro...canavial bananal é...é...batatinha... (Ent.07,linha 66)"
ANIMAL,(A),Nm[Ssing],Lat>Port,"Mamífero da família dos equídeos (cavalo, burro, mula, jumento)","...montei no animal que eu tava e freví atrás dele no mei do mato (Ent.10,linha 175)"
ANTÃO,(A),[Adv],Lat>Port,O mesmo que então.,"A madêra ficava perfeita toda antão ês tirava as madêra e fazia a tal cerca de tisôra...já viu falá? (Ent. 04, linha 422)"
ANTÉ,(n/d),[Prep],(n/e),Limite em um espaço de tempo. Variante de até.,"Ti (M...) trabaiô anté no dia dea morrê é anté no dia dea morrê capinano a semente de mi dela ali ó deitô pra discansá diz que pôs a mãozinha assim ó aí ea fechô o oi deus levô ela(Ent.06, linha 217)"
APERTO,(A),Nm[Ssing],(n/e),"Pobreza, dificuldade; falta do necessário.","Mais vô falá com cê uma coisa já passei muito aperto de dificurdade essa casião num era igual hoje em dia quano os trem cabava tinha que buscá trem lá em Vespasiano. (Ent. 05, linha 148)"
APIAR,(A),[V],Lat>Port,Descer de animal ou de veículo.,"Tinha que apiá ali na rodiviara e trevessá de banda e caminhá uma distança com o daqui a...como daqui lá na casa do (B...) pa podê chegá na casa dela. (Ent. 09, linha 141)"
ARADO,(A),Nm[Ssing],Lat>Port,Máquina agrícola usada para lavrar a terra.,"A primera roça que eu prantei aqui foi ali do ôto lado foi lavrado na enchada tinha que lavrá na enxada que num tinha arado...adubo...adubo foi de um certo tempo pra cá num tinha adubo que o povo estudô aí veio o adubo (Ent. 05, linha 436)"
AREAR DENTE,(A),[Fras],(n/e),Esfregar os dentes com pedaços de tabaco.,"Ea ariava né...ariava dente com fumo cê sabe né? é...a eu prendi fumá foi com esse danado desse fumo ea ariava dente e jugava fora aquê bagaço. (Ent. 11, linhas 225 e 226)"
ARMESCA,(A),Nf[Ssing],Ár.,Árvore de tronco esbranquiçado que produz frutos e rezina amarelos.,"(Tinha) um pé de armesca...e por baxo assim mia fia tinha um/o camim era limpim por conta daquele ingem (Ent. 09, linha 308)"
ARRANCHAR,(A),[V],Lat>Port,"Alojar, estabelecer provisoriamente.","Mangangá miudinho tinha um grande né...ês arrancharo tudo lá dentro mais era cada um que gimia parece que tava cantano (Ent.04, linha 383)"
ARREAR,(A),[V],Lat>Port,Colocar os arreios em.,"Teve uma vez que eu peguei um burro aqui arriei ele...montei no lugá que eu montei ieu fiquei (Ent. 05, linha 13)"
ARREI,(A),Nm[Ssing],Lat>Port,Peça utilizada para montaria em animais.,"Cheguei juguei o arrei no burro ali e montei...muntei risquei nesse burro passei ali subi saí na cabiçêra da Palma subi em São Vicente de São Vicente sái na no Carnero lá em cima saí no Tuti (Ent. 02, linha 107)"
ARRENDAR~RENDAR,(A),[V],Lat>Port,"Dar ou tomar pedaços de terra em arrendamento, alugar.","O (A...R...) mudô pra qui sabe...aí me animô a arrendá o terreno (Ent.05, linha 41) ""Rendei um terreno na mão do (I...) aí do Cipó ficô comigo quarenta ano esse terreno rendado eu cuía tudo de lá mais dava mantimento demais"" (Ent.05, linha 128)"
ARRIATA,(A),Nm[Ssing],(n/e),Correia ou corda com que se prendem e por onde se conduzem os animais.,"As coisa que tava no cavalo pôs no chão a arriata né de trem de fazê cumida essas coisa e...tirô a farinha uma pele e pôs na boca (Ent. 08, linha 170)"
ARRIBA,(A),[Adv],Lat>Port,O mesmo que acima.,"Sei só qu’ês era uns quatro home...e subiu pa estada arriba já foi direto pá estada arriba menina (Ent.09, linha 121)"
ATIVO,(A),[Adj],Lat>Port,"Característica do que é esperto, inteligente.","No pasto que nós passava tinha um boi um garrote danado que pôs eu em riba do pau uma vez mais (R...) aí os menino que ês era mais ativo né...aí menina o menino vinha atrás de mim(Ent.03, linha 142)"
ATURAR,(A),[V],Lat>Port,Subsistir por um período de tempo em determinada situação.,"A baiana falô que ia arrumá um reiméido num lugá pra ele ê sarô mais atacô o coração num aturô mais (Ent.06, linha 400)"
AVUAR,(A),[V],Lat>Port,Sustentar-se ou mover-se no ar. Variante de voar.,"Do jeito que ê pegô a cabeça dele assim e impurrô ê pra baxo e ê falô nossa sinhora d’aparicida ondé que cês vão alevá ieu aí ê saiu avuano memo e virô lá po lado do Cardoso. (Ent.02, linha 26)"
BAGACERA,(A),Nf[Ssing],Lat>Port,Grande quantidade de bagaço de cana.,"Oiava debaxo da fornáia aquês trem véi tudo que tinha aqueas bagacera véia dento da fornáia de cuzinhá garapa (Ent.04, linha 162)"
BAGAÇO,(A),Nm[Ssing],Lat>Port,Resíduo de frutos e folhas depois de extraído o sumo.,"Alí cê pó fazê uma carrera de cana dessa artura aqui que o trem romói tudo...cê pegava lá fazia a vorta passava o bagaço assim (Ent.11, linha 185)"
BAGE,(A),Nf[Ssing],Lat>Port,Leguminosa repleta de sementes.,"Mais o fejão era era fejão mulatim da bage rocha fejão tava assim de fejão (Ent.05, linha 122)"
BAGO,(A),Nm[Ssing],Lat>Port,Qualquer grão.,"Nôto dia quand’ disvasiô um pôco nós desceu num tinha um bago de arroz no terrero (Ent.11, linha 08)"
BAILE,(A),Nm[Ssing],Lat>Port,Qualquer dança em que a mulher é conduzida pelo homem.,"Ocês que num conhece o batuque ocê larga o baile e vai dançá cês num tá veno essas dança aí quês fala ieu nem danço essas confusão de agora é só pulá pulá ah ieu não (Ent.06, linha 62)"
BALAGE,(n/A),Nf[Ssing],Fr.,O mesmo que bagagem.,"Nôto dia vei cá pra igreja eu fiquei mais foi na igreja aí as menina me buscô pra murçá e vortei já dispidimo da dona né (E...)? juntô a balage jugô dentro do carro e vei embora (Ent.06, linha 278)"
BALAI~BALAIM,(A),Nm[Ssing],Fr.,Tipo de cesto de palha.,"Os trem tava tudo dent’ do balai pegava punha no carguero e ia lá vai mamãe com menino inrolado as vez menino novo. (Ent.06, linha 391). ""Eu buscava mãidioca lá no balaim pá podê fazê farinha a meia c’ ê...esse dia eu tava cum esse balaim...aí..eu...na hora que já tinha a quantidade dele pegá... ""isso aí...essa aí pra quê que é?""...falei ""é pa mim levá la pa casa uai eu tamém mexo"""". (Ent.01, linhas 108 e 109)"
BALAIM DE FULÔ,(n/d),[Fras],(n/e),Música tradicional típica de rodas de batuque.,"Nós fizemo o batuque o povo do Berto aí que sabe tocá o batuque...aí tinha o balaím de fulô tinha balancê...agora o balancê era assim cê balanceia (Ent.08, linha 186)"
BALANCEIA,(A),[V],Lat>Port,Dar movimentos compassados de balanço ao corpo.,"Aí tinha o balaím de fulô tinha balancê...agora o balancê era assim cê balanceia...o balancê era os par um home com uma muié um home com uma muié agora um tocadô falava balancê balancê"" aí saía e trocava uma dama com ôtro trocava de lá pra cá...trocava de lá pra cá aquela roda boa era assim que era a festa"" (Ent.03, linhas 182 a 184)"
BALANCEIO,(n/d),Nm[Ssing],(n/e),Passo de dança que consiste em movimentos compassados de balanço do corpo.,"Os ôto num sabia ia pas roda de batuque roda de mão balanceio esses trem e isso era a nôte interinha dançano (Ent.03, linha 159)"
BALANCÊ,(A),Nm[Ssing],Fr.,Passo de dança em que se balanceia o corpo compassadamente.,"Aí tinha o balaím de fulô tinha balancê...agora o balancê era assim cê balanceia...o balancê era os par um home com uma muié um home com uma muié agora um tocadô falava balancê balancê"" aí saía e trocava uma dama com ôtro trocava de lá pra cá...trocava de lá pra cá aquela roda boa era assim que era a festa"" (Ent.03, linhas 182 a 184)"
BAMBIAR,(n/A),[V],onomat.,Expelir o óleo de determinado fruto.,"E o sal que põe e...agora na hora que tá pa rendê...na hora que tá socano lá...qu’ê cumeça a bambiá ai vai isquentano a mão de pilão de vez em quano (Ent.01, linha 78)"
BANDA~EM BANDA,(A),Nf[Ssing],cont,O mesmo que lugar.,"A hora que ocês passô pra cá tem um barzim assim de uma banda né? (Ent. 05, linha 57) ""Falei ""a só pode tá atrás da cabeça daquele toco ali ó num tá em banda ninhuma"" o trem tá gemeno"" (Entr.04, linha 369)"
BARANDA,(A),Nf[Ssing],incert.,"Compartimento aberto de uma construção, geralmente protegido por uma grade ou mureta. Variante de varanda.","Cumpade meu sabe tinha uma menina que era minha fiada... mais daí se nóis num toma ea pioi que matava ea...aquí nessa baranda aqui (D...) foi cuidá dela nó ês fartô até subi na baranda... pioi na menina aí a nossa fiada né...aí foi (D...) cuidô dela essa vez aí o coitado era muito pobrezim num cuidava dos menino (Ent.04, linhas 87 e 88)"
BARRA DO DIA,(n/d),NCf[Ssing+prep+Ssing],(n/e),Momentos que antecedem a noite; horas finais do dia.,"Ô minhas fia aí quano falava a barra do dia evem ((cantando)) a barra do dia evem é hora de nós embora vira o fundo da garrafa dêxa o povo disinganá a barra do dia evem ((risos)) a (I...) já tá dançano (Ent.06, linhas 49 e 50)"
BARRER FOGO,(n/d),[Fras],(n/e),Incendiar.,"Óia só roçava os mato aí passano uns trinta dia que aqueas maderinha mais fina secava né barria fogo...quemava e ali sobrava madêra...a madêra ficava perfeita (Ent.04, linha 420)"
BARRIAR,(A),[V],cont,"Revestir de barro, rebocar.","TERC.: Mais essa tuia que ocês fazia era fechadinha ou tinha que passá barro nela? INF.: Não...muitos barriava mais nóis nunca barriô...fazia ea de bambu bem fechadim que o mantimento num passava na greta (Ent.06, linha 415)"
BARRIGA D’ÁGUA,(A),[Fras],(n/e),"Doença que acarreta acúmulo de líquido na região abdominal, ascite.","A cachorra ficô esperano cachurrim dele...lobim dele todo mundo queria um lubim quano na hora...ea ficô com aquê barrigão...foi deu uma barriga d’água morreu cachorra com os bicho tudo (Ent.09, linha 461)"
BARRIGUERA,(A),Nf[Ssing],Lat>Port,Peça do arreio que passa em volta da barriga do animal.,"((o burro)) caiu cumigo dent’ do poço e rivirô e eu fiquei por baxo condafé levantei deus judô que a barriguera rubentô o burro sai pelado pa lá eu saí po ôto lado moiado (Ent.05, linha 95)"
BARRO DE TÊIA,(n/d),Nf[Ssing],(n/e),"Barro branco encontrado em territórios úmidos, geralmente utilizado para confecção de telhas.","Cê põe ê lá enche as fôrma tudo agora trazia o barro de têia trazia aquê barro mole de teia forrava ê assim aquilo ali iscorria o tal melado azedo (Ent.11, linha 196)"
BATEDOR,(A),[V],Lat>Port,Instrumento utilizado para bater em algo.,"PES.: Essa quantidade de arroz com vara não dá pra batê. INF.: Não... não.. . num é desses que gosta de batê com batedô ... não... batia com boi (Ent.11, linha 46)"
BATEDOR DE CAIXA,(n/d),NCm[V+prep+Ssing],(n/e),Músico que responsável por tocar caixa em rodas de batuque.,"O batuque é assim o violêro batedô de caxa sanfona pode entrá na roda de batuque e as dona cada um tem um par né tem o home e a dona aí vai rudiano (Ent.06, linha 42)"
BATER CABO,(n/d),[Fras],(n/e),Trabalhar na lavoura capinando ou roçando a vegetação.,"Meus irmão era....mũcho e mamãe mais papai num dava conta de mantê ês aqui ês vivia era pegano inchada memo bateno cabo essas coisa (Ent.05, linha 04)"
BATER SABÃO,(n/d),[Fras],(n/e),Misturar com vigor os ingredientes utilizados na confecção do sabão até obter a textura necessária.,"Na hora que tá bateno o sabão cê vê que ea ((a soda)) foi pôca ali cê põe mais um poquim po sabão dá ponto (Ent.01, linha 202)"
BATIDINHA,(A),Nf[Ssing],Lat>Port,Rapadura macia esbranquiçada.,"(L...) falô pra eu fazê batidinha...eu num faço proque num da tempo deu fazê...(L...) falô assim a hoje cê traz uma batidinha pra mim"" falei ""a (L...) vê se dá tempo"" as vez vê uma hora que tem uma pessoa lá dá pra fazê mas sozim num dá pa fazê não""(Ent.11, linhas 59 e 60)"
BATUQUE,(A),Nm[Ssing],Lat>Port,Dança de origem africana acompanhada de cantiga e instrumentos de percussão.,"Batuque era bão porque os pai num importava das fia dançá que o batuque num era negóço abraçado com o rapaz. (Ent.06, linha 56)"
BENZIM DO ASSUAIO,(n/d),NCm[Ssing+prep+Ssing],(n/e),Uma das cantigas apresentadas no batuque.,"Todo dia nóis ia dançá lá na casa do (Z...B...) dançava benzim do assuaio né. (Ent.08, linha 36)"
BERGONHA,(A),Nf[Ssing],Lat>Port,Sentimento de desonra ou rebaixamento. Variante de vergonha.,"Ah é nós tinha bergonha de vê ês lá em casa né aí subia na cama e oiava ês por riba ês contava quê que cês tá fazeno?"" eu e a (L...) oiano pra cima do...do teiado deitado no banco lá na sala."" (Ent.06, linha 82)"
BERRAR FOGO,(n/d),[Fras],(n/e),Atear fogo exageradamente,"Tava tudo dento do toco bizôrro de toda qualidade ((risos))aí quê que eu fiz furei ele busquei aquê bagaço véi de ano passado que ê tinha muído sabe e cubrí tudo com aquê bagaço lá é berrei fogo...ah menina mais foi uma gemeção (Ent.04, linha 374)"
BESTIR~BISTIR,(A),[V],Lat>Port,O mesmo que vestir.,"Misturô todo mundo as pretinha com nóis né....aí depois que nós bistiu que nós desceu do artar...dom (C...) tava né ê oiô e falô assim anjo preto é domônio...não beste mais menino preto""."" (Ent.03, linhas 30 e 31)"
BICA,(A),Nf[Ssing],Lat>Port,Calha que pode ser confeccionada de diversos materiais com o fim de escoar líquidos.,"Punha a bica assim pra corrê o melado (Ent.07, linha 53). ""Forrava com bica de banana acho que era isso punha bica de banana assim que a fôrma tinha o lugá de pingá né"" (Ent.07, linha 56)"
BICHIM,(n/A),Nf[Ssing],Lat>Port,"Espírito ou gênio do mal, anjo rebelde, Satanás, diabo.","O dinhêro que ê tinha ê tinha que o bichim punha pra ê...morreu...ê abriu/ê guardava o dinhêro era no aterro da fornaia sabe? ê fez um negóço igual forno pa botá o forno pro baxo e iscondia dinhêro lá dento punha o dinhêro lá tinha lambique tinha tudo cuntuá era home forte escondeu dinhêro morreu quano os menino foi oiá cê viu foi cinza...foi embora tudo virô cinza (Ent.11, linha 173)"
BICHO DE GUIZO,(n/A),(n/d),NCm[Ssing+prep+Ssing],(n/e),"Quano ea falô que era o bicho de guizo eu falei então se é de guizo tá fáci uai ah quano eu dei pro lado dês ês correu tudo pro lado da casa e batia o guizo que daqui iscutava os menino que tava tudo aqui iscutô (Ent.04, linha 172)"
BICHO RUIM,(n/A),(n/d),NCm[Ssing+Adj],(n/e),"Ah era o bicho ruim e daqui ês via o guizo batê lá eu cheguei...aí quano eu cheguei...eu pedi pra ea me contá comé que cumeçô...aí nós foi pra lá dento e esse dia como ea era mei cismada colocô os menino tudo lá perto dela (Ent.04, linha 215)"
BICHO DIABO,(n/A),(n/d),NCm[Ssing Ssing],(n/e),"Uai tava a cavalo mais o burro ficô com medo e ei tamém fiquei((risos)) é mais o lobo deu um urrado que só cê veno UAU e eu gritei bicho diabo"" ê correu pra lá e eu ó rapo"" (Ent.05, linha 164)"
BICHIM QUE COME AGUIA VIRGE,(n/A),(n/d),[Fras],(n/e),"INF.: o bichim que come aguia virge...ê tinha ê no vidro é...pensô que ê ia judá ê né ficô lá PESQ.: e era muita gente que tinha?muita gente naquele tempo que tinha o bichinho? INF.: inté hoje por aqui tem...tem...tem por aqui mesmo tem uns treis ou quatro que tem ele no vidro aí (Ent.11, linha 156)"
BILA DERRAMADA,(A),NCf[Ssing+Adj],(n/e),Produção excessiva de bílis pelo pâncreas gerando a sensação de amargor na boca.,"Jesus é nascido Jesus nascido é fí da virge Maria sem pecado é Jesus Nazaré cura (E...) de ispinhela caída vento virado bila derramada ar preso vento igalzado assim mesmo Jesus me cura em nome do pai filho isprito santo amém (Ent.09, linha 491)"
BITELO,(A),[Adj],(n/e),Grande.,"Tancava aqueas mãindoca bitela mesmo inchuta que tava uma beleza (Ent.01, linha 103)"
BOCA DA FORNÁIA,(n/d),[Fras],(n/e),Abertura no fogão a lenha por onde é depositada a madeira para o fogo.,"Nós sentô na boca da fornaia contano históra...e os menino tava durmino...já era mais ô meno umas nove dez hora...garrô a gemedêra lá fora...mais gimia e todo jeito (Ent.04, linha 350)"
BOCA DA NOITE,(A),[Fras],(n/e),"Início da Noite, anoitecer.","Tomava bãim em casa pa mim podê i pra lá...assim na boca da noite anti de ficá iscuro (Ent.01, linha 316)"
BOIADA,(A),Nf[Ssing],Lat>Port,Manada de bois.,"Esse ônis tá chei de mucinha mais tudo namorano diz que quano sorta...quano abre a porta do coléjo é a mesma coisa de sortá a boiada é uma bejação eu falei assim cê tamém ficô com vontade de bejá?"" ""(M...) mas as menina tá numa bejação"" eu falei é beja né...a velha históra né uma hora aparece((risos)) curuz credo ave maria"" (Ent.06, linha 237)"
BOIADERA,(n/d),Nf[Ssing],(n/e),Canto entoado por trabalhadores nas capinas de roças.,"A boiadêra...nó era aquea filêra de quarenta e tantos home...capinano roça e cantano. (Ent.07, linha 122)"
BRABO,(A),[Adj],Lat>Port,"Nervoso, colérico. Variante de bravo.","Pegava boi lá...boi brabo juntô um puxano na frente ôtro tocano atrás (Ent.05, linha 18)"
BREIADO,(A),[Adj],Fr.,Sujo.,"Afiada dê ( ) caiu na bêra do tacho de melado...quano eu vi que ea deu aquê grito menina...cô vi ea co a mão assim...passano na cuiva assim que pegô...agora...tirei a mão dea toda breiada agora num sabia se cudia cá ô cudia a menina (Ent.12, linha 03)"
BREJO,(A),Nm[Ssing],cont.,Terreno pantanoso.,"Papai fez o chiquêro aqui...aí tocava os porco po brejo lá em cima e eu ficava aqui oiano aqui aí pegô andá no tempo que nem cachorro zangado. (Ent. 09, linha 254)"
BRUACA,(A),Nf[Ssing],Cast.,Saco de couro cru para transporte de objetos e mercadorias sobre bestas.,"Aqueas bruaca né...bruaca de côro...aí inchia a bruaca...punha saco dent’ da bruaca um pegava e falava...traz gente"""" (Ent.09, linhas 05 e 06)"
BULANDERA,(A),Nf[Ssing],Cast.,Grande roda dentada dos engenhos de cana.,"Engem de pau é treis moenda em pé né? assim ó tem duas aqui e ôtra aqui aí tem os dente põe a bulandera lá os cavalo vai tocano (Ent.04, linha 183)"
BURRAI VERMEI,(A),NCf[Ssing+Adj],(n/e),Cinzas ainda muito quentes;brasa.,"Torra com sal e um puquim de burrai vermei né?...quente...burrai quente mesmo com uma meia cuié de ferro assim (Ent.01, linha 68)"
BURRUSQUÊ,(A),Nf[Ssing],Fr.,Ficha numerada recebida por funcionários públicos que trabalhavam em zonas rurais que eram trocadas pelos salários periodicamente.,"Dona (A...) era boa professora boa ela...ela num ricibia tamém ea passô treis ano sem recebê...recebia um burrusquê (Ent.03, linha 48)"
CABAÇA,(A),Nf[Ssing],desc.,Vasilha formada pela casca inteira e seca do fruto de uma planta conhecida como cabaça.,"Povo fazendêro aí trocava terra por uma cabaça de melado azedo (Ent.11, linha 198)"
CABRESTO,(A),Nm[Ssing],Lat>Port,Corda ou couro adaptado à cabeça do animal para segurá-lo.,"Ocê coloca o arrei na égua e o cabresto cê põe no burro (Ent.10, linha 102)"
CABRITA,(n/A),Nf[Ssing],Lat>Port,Bebida paga pelo comprador ao fechar um negócio.,"Era uma turma boa aí ês virô e falô ó cê paga a cabrita?"" falei ""pago"" que a cabrita era pá comprá o lito de cachaça pa fazê o negóço tem que passá ( ) tinha que pagá a cachaça pro povo né...é pagá a cabrita"" (Ent.02, linha 139)"
CACHAÇA,(A),Nf[Ssing],cont.,"Aguardente extraída da cana de açúcar, pinga.","Cachaça...a cachaça ela quema cê põe ela na boca ela quema mais ela é fria ela ...ea é a água do capelo comé que ela pode sê quente? (Ent.08, linha 99)"
CACUMBU,(A),Nm[Ssing],Afr.,"Machado ou enxada gastos, muito usados. Também usado metaforicamente com designação de pessoa velha.","INF.: Visitano os cacumbú. PES.: Visitano o que? INF.: Os cacumbú ((risos)) (Ent.06, linhas 241 e 243)"
CACUNDA,(A),Nf[Ssing],Afr.,"Costas, dorso.","Fui caçá tatu tava com uma ispingarda vinte e oito na cacunda (Ent.02, linha 275)"
CADÊ,(A),[Pron],(n/e),Onde está; quede.,"Eu falei ah nêgo cê vai derrobá esse coquero pra mim""...ê disse ""cadê a foice?"""" (Ent.04, linha 106)"
CAIAU,(n/d),Nm[Ssing],(n/e),Exageradamente grande.,"((o macarrão guela de pato)) É um bitelão memo assim ó ele era um caiau memo cê fazia ele quais que treis bago inchía a panela (Ent.09, linha 444)"
CAMBADINHA,(n/A),Nm[Ssing],Afr.,Agrupamento de crianças.,"Esses cambadinha ês era piquininim (N...) com sete ano (A...) com sete ano o ôto cinco ano a menina com dois ano (Ent.10, linha 117)"
CAMPANHA¹,(n/A),Nf[Ssing],Lat>Port,Grande dificuldade.,"Coitado ê era mindingo né num gostava nem de tomá banho pa tomá banho era uma campanha menina (Ent.09, linha 405)"
CAMPANHA²,(n/A),Nf[Ssing],Lat>Port,Trabalho em plantações realizado por grupos de homens.,"INF.: Tempo ruim era bão não cumia assim cumia nas campanha...campanha cê sabe o que que é né?PESQ.: não. INF.: Tabaiadô na roça ês fala é campanha falava assim ó amanhã é campanha de um ôto dia campanha de ôto (Ent.11, linhas 247, 249 e 250)"
CAMPIAR,(A),[V],Lat>Port,Andar a cavalo no campo ou no mato a procura de gado.,"Uma vez ô tava...campiano num lugá que chamava Lagoa Seca aqui ó terreno desse povo do Cipó a hora na hora que eu pulei que o burro pulô a moitazinha assim do cipó prata tinha um lobo deitado debaxo (Ent.05, linhas 247, 249 e 250)"
CANCA,(n/d),Nf[Ssing],(n/e),Exageradamente grande.,"Eu tomei uma canca de tempestada uma vez subino no (A...R...) com menino (A...) nas cadêra com o saco dos trem de cume (Ent.06, linha 356)"
CANGA,(A),Nf[Ssing],Cel.,Peça de madeira que une os bois pelo pescoço e é acoplada ao carro de boi,"Sabe que que nós teve que fazê? tirô as canga dos boi dexô os boi imbora e trepô ... era rancho trem di cumida tava tudo lá dento sabe? que que nós fez ... nós teve que trepá no pau a inchente tapô tudo (Ent. 11, linha 05)"
CANDEIA,(A),Nf[Ssing],Lat>Port,"Objeto usado para iluminação, geralmente feito de barro, e alimentado por azeite ou cera do mato.","Quano ele entrô que bateu com o oi ne mim menina ê virô cada candeia desse tamãe com o oi assim (Ent.09, linha 162)"
CANDOMBE,(A),Nm[Ssing],Afr.,Dança de origem africana acompanhada por instrumentos de percussão.,"Agora num tem mais os tár de batuque porque virô só baile e candombe né num tem batuque mais não (Ent.06, linha 56)"
CANDONGUERO,(A),Nm[Ssing],cont.,Aquele que faz fofoca.,"Eu intrimiava no mei do povo e frivia no baile vinha um candonguero e contava o (C...)...(C...) tá dançano"" ê chegava eu tava serenano na mão dos menino"" (Ent.06, linha 30)"
CANGAIA,(A),Nf[Ssing],Cel.,"Armação de madeira ou de ferro em que se sustenta e equilibra a carga das bestas, metade para um lado delas, metade para o outro lado.","Sabe quanto que nós vindia? oito mil réis o saco...oito eu tem muita coisa aí resto de cangaia coisa que eu vendi com essa farinha desse preço comprei cangaia essas coisa era um home que vinha lá de Taquaraçu com a tropa dele comprava nossa farinha (Ent.04, linhas 402 e 403)"
CAPADO,(A),Nm[Ssing],Lat>Port,Porco grande e castrado para engorda.,"Nós ingordava poico trazeno mãindoca na cabeça assim pareceno chifre de boi jogava no terrero é poica é capado cumia engordava que nós num passava farta de toicim (Ent.09, linha 449)"
CAPANGA,(A),Nf[Ssing],Afr.,Espécie de bolsa rústica geralmente de couro.,"Punha os trem tudo na capanga pa juntá pa pô no carguero de madugada (Ent.06, linha 389)"
CAPÃO,(A),Nm[Ssing],Ind.,Porção de mato isolado no meio do campo.,"Foi caçá tatu andô por esses arto fora desceu la trás no capão de lá caçano tatu (Ent.09, linha 199)"
CAPELO,(n/d),Nm[Ssing],Lat>Port,Peça da parte superior do alambique.,"A cachaça mió que tem é a cachaça de melado uai... ea faz igualzim a ôta ea já é azeda...ea já é azeda memo é só botá pra freventá lá no tampão lá e dexá o trem corrê lá no capelo uai tocá fogo (Ent.11, linha 205)"
CAPINERA,(A),Nf[Ssing],Ind.,Plantação de capim destinado ao trato do gado.,"Lá debaxo ali tinha uma capinera grande ê tocô po mei da capinera ê foi e ficô isperano ê lá pá ê saí lá aí ê trepô na capinera saiu lá por baxo lá saiu lá na casa dele coitado e o ôto ficô lá esperano na boca da capinera lá pa vê se ê saia lá né (Ent.09, linhas 345 a 349)"
CAPITÃO,(A),Nm[Ssing],Lat>Port,Bocado de qualquer tipo de massa aglomerado entre os dedos.,"A massa num pó sê muito rala não senão ea fica lavada...põe a água ali de jeito que enfia a mão na massa assim torce ea assim ea dá um capitão e a água desce branquinha (Ent.01, linha 244)"
CAPUERA,(A),Nf[Ssing],Ind.,Lugar onde o mato cresceu após a derrubada da mata original.,"Bateu uma catinga de enxofre um trem fez um ridimuim lá que saiu troceno a capuera toda (Ent.09, linha 232)"
CARANGONÇO,(A),Nm[Ssing],Afr.,Animal artrópode semelhante ao escorpião de cor escura e também venenoso.,"Aqui em casa num parece iscurpião não num tem não...o carangonço tamém não...o carangonço é um bicho desse tamãim assim cumprido perna pum lado e por ôto e ele é roxo da core dos seus ói assim então ele...ê tem uma truquesa na frente assim e ôta no rabo se ocê mexê cum ele ê morde com a truquesa e morde com o rabo (Ent.09, linhas 478 e 479)"
CARGA DE RAPADURA,(n/A),NCf[Ssing+prep+Ssing],(n/e),Unidade de medida equivalente ao número de cinquenta rapaduras.,"Quano eu comprei um engem de ferro eu fiz duzentas e vinte rapadura sozim...num é fáci não...fazê quato carga de rapadura...quato carga de rapadura pá um home sozim fazê...ô gente...num é fáci (Ent.12, linhas 84 e 85)"
CARGUERO,(A),Nm[Ssing],Lat>Port,Animal que transporta carga sobre o dorso.,"Ê passava a carga pro caminhão e eu vortava com os carguero pra trás (Ent.04, linha 263)"
CARIANGOLA,(n/d),Nf[Ssing],(n/e),"Pequeno peixe de água doce, fino, comprido e com pequenas escamas.","Pescava nesses corgo tudo aí ó nesses córgo das Péda nesse córgo dos Barro aí ó aquea cariangola desse comprimento assim pareceno cobra (Ent.08, linha 121)"
CARNE QUEBRADA,(n/A),[Fras],(n/e),Qualquer tipo de hematoma.,"Fala assim...ê me benze...de carne quebrada...veia rôta...nervo assombrado...é...junta iscunjuntada...osso ringido...assim mesmo jesus me cura (Ent.01, linha 366)"
CARRERO,(A),Nm[Ssing],Lat>Port,Guia de carro de bois.,"Pegava boi de quarqué tipo no pasto depois passei pra cê pra cê carrêro...mansei mũcho boi mũcho burro brabo (Ent.05, linha 07)"
CARRO DE BOI,(A),NCm [Ssing+prep+Ssing],Lat>Port,"Carro movimentado ou puxado, em geral, por uma ou mais parelhas de bois, e guiado por carreiro.","Passava com o carro de boi lotado de arroz ... nós passava de baixo dele ... é ... eu tô com setenta e dois ano (Ent.11, linha 57)"
CARRO,(n/A),Nm [Ssing],Lat>Port,"Carro movimentado ou puxado, em geral, por uma ou mais parelhas de bois, e guiado por carreiro.","Buscava carro assim de tabatinga quebrava ea toda penerava bem peneradinha jugava o fejão na tacha e mexia aquês podi separava tudo jugava no terrero aí cê penerava a ( ) e misturava ficava uns treis dia secano pudia guardá ficava uns treis quatro ano sem dá bicho (Ent. 11, linha 238)"
CARTUCHERA,(n/d),Nf[Ssing],Fr.,Espécie de arma de fogo de cano comprido.,"Ê passô a mão na cartuchera do irmão dele eu passei a mão na foice foi os dois bobo pa lá (Ent.09, linha 98)"
CATINGA,(A),Nf[Ssing],Afr.,Cheiro forte e desagradável.,"Bateu uma catinga de inxofre...inxofre mia fia e um trem fez assim com a moita pareceno um ridimuim num tava ventano nem nada mas fez assim mesmo com a moita (Ent.09, linha 119)"
CEPO~CEPOZIM,(A),Nm[Ssing],Lat>Port,Pedaço de pau.,"Ah ê tinha um engem mas era um cepo de engem num é engem de ferro não aquele de gritá engenho de pau (Ent. 11, linha 182) ""Já tinha rezado a oração dela...e sentada na boca da fornáia num cepozim assim lá no cantim do aterro"" (Ent.01, linha 311)"
CERCA DE TISÔRA,(n/d),NCf[Ssing+prep+Ssing],(n/e),Cerca feita de varas finas extraídas das matas.,"Quemava e ali sobrava madêra...a madêra ficava perfeita toda antão ês tirava as madêra e fazia a tal cerca de tisôra...já viu falá? (Ent.11, linha 421)"
CHAMAR NA RÉIDA,(n/d),[Fras],(n/e),Frear ou guiar o animal pelas rédeas.,"Chamei esse burro menina chamei esse burro na réida ê bateu em cima da cisterna eu bati de lado e fiquei siguro na cabeça desse burro (Ent.02, linha 155)"
CHIATA,(n/A),Nf[Ssing],onomat.,Ato ou efeito de chiar. O mesmo que chiado.,"Ê ficava naquele quarto lá dentro cê iscutava a chiata dele falava quê que tá aconteceno (C...) ea falava ah meu menino ê hoje num tá bão"""" (Ent.06, linha 397)"
CHUCHO,(A),Nm[Ssing],obs.,Vara armada de ponta comprida de ferro.,"Foi caçá tatu andô por esses arto fora desceu la trás no capão de lá caçano tatu com gaiola e inxadão lamparina chucho tudo (Ent.06, linha 199)"
CHUMBAR UNS GOLIM,(A),[Fras],(n/e),Beber água cachaça.,"Eu era garotim gostava de í la chumbá uns gulim né...dançava um batuquezim...dançava um batuquezim até dez onze hora da noite (Ent.02, linha 235)"
CINCERRO,(A),Nm[Ssing],Cast.,Pequeno sino que se pendura no pescoço de certos animais.,"Cheguei lá na porta assim vei treis bicho ne mim e vei assim pilililimpilim bateno cincerro...bateno um guizo (Ent.04, linha 162)"
CINCO SALAMÃO,(n/A),NCm[N+Ssing],(n/e),Estrela de Davi. O mesmo que Signo de Salomão.,"INF.: Ê tem que sabê pá atirá porque diz que ê pá levantá da cama faz os cinco salamão pa levantá da camaPESQ.: faz o quê?INF.: cinco salamão cê num sabe não? (Ent.09, linhas 463 e 466)"
CIPÓ DE FOGO,(n/A),NCm[Ssing+prep+Ssing],(n/e),Planta lenhosa utilizada com fins medicinais.,"PESQ.: com quê que cê curô"" INF.: ""com aquê cipó de fogo...todo trem...crara d’ovo esses negóço aí cusigui curá"""" (Ent.12, linha 11)"
CORGO,(n/A),Nm[Ssing],Lat>Port,Riacho,"Fui lá no corgo tomei bãim passei um trem na cabeça assim o sangue taiô (Ent.02, linha 106)"
CRIAÇÃO,(A),Nf [Ssing],Lat.,O conjunto de animais domésticos que se cria.,"Ocê comprá as criação eu vô arrumá um jeito de pagá essas criação dôtro jeito e ocê disconta aí pra mim (Ent.05, linha 73)"
CUCHICHÓ,(A),Nm[Ssing],Afr.,Casa muito pequena.,"Os menino durmia lá no quarto lá no fundo...ea foi já num queria rumá a cama dês lá no fundo e rumô foi cá perto dela...mais lá era um cuchichó um barracão a toa todo isburacado assim (Ent.04, linha 201)"
COCHO,(A),Nm[Ssing],cont.,Espécie de vasilha em geral feita com um tronco de madeira escavada.,"Uai nós fazia é...tomava aquele ponto assim...de malado maisi...mais ralo...e punha no cocho...cocho de pau (Ent.07, linha 47)"
COCORAR,(n/d),[V],(n/e),Dar mimo. O mesmo que mimar.,"Era mais véia que ieu ea ficô com medo de batê ne mim mamãe cocorava ieu muito né ea ficava com medo de mamãe batê nea (Ent.08, linha 53)"
COIVARA,(A),Nf[Ssing],Ind.,Terreno coberto de galhos e troncos que restaram de uma queimada.,"O home bateu bateu pra quemá sapecaro o trem que o trem deu muita coivara aí fez a...arrumô a roça quas todo (Ent. 03, linha 113)"
CONTAR UM PÉ DE MISÉRIA,(n/d),[Fras],(n/e),Relatar um fato de maneira exageradamente trágica.,"Ê pegô o cavalo dele risquei mais ele chegô lá em casa menino mais esse home contô um pé de miséria e o papai num respondeu nada (Ent.02, linha 227)"
CUIA,(A),Nf[Ssing],Ind.,Vasilha feita com a casca da cuieira.,"PESQ.: e comé que era esse fuso? INF.: ê tá aí enrolado...não é uma tábua quarqué sabe o povo fazia até de caco de cuia na época até de caco de cuia ês fazia o fuso (Ent.04, linhas 19 e 20)"
CUMÁ~CUMADE,(A),Nf[Ssing],(n/e),"Madrinha, em relação aos pais da criança.","É eu tinha que guardá um poquim pra mim fazê pipoca papai gostava muito né e o mais era dela era dois treis quilo...até mais pa cada uma...é...pois é ti (R...) e ti (L...) e cumá (D...) num dexava meu pruví sobrá mesmo (Ent.01, linha 283) ""Ô na hora que tocava as caxa nos vizim nóis era as primera a ta lá eu mais cumade nóis ia depressa memo tinha muito moço bunito"" (Ent.06, linha 03)"
CUMÊ,(A),Nf[Ssing],Lat>Port,O mesmo que comida.,"Lá em casa era muito menino era nove...tinha que fazê as panelada de cumê...tinha dia que mamãe fazia uns cumê engraçado né um mamão com aquê trem...tinha dia que num discia não (Ent.03, linha 133)"
CUMPÁ,(n/d),Nm[Ssing],(n/e),Padrinho de uma criança em relação aos pais dela.,"Essa epra que eu ranquei essa carga de mãidoca pa cumpá (C...) fazê farinha (Ent.01, linha 103)"
CUNGUÇU,(A),Nm[Ssing],Ind.,Caipira.,"A maritaca tava quas morta...morreu memo...por conta daquê cunguçu aquê trem feio e ocê ainda fica gostano daquele cunguçú conão conem co marrado no pau""...briguei com cumá (V...) demais"" (Ent.07, linhas 14 e 15)"
CUNTU Á,(n/d),[Loc. pron.],(n/e),O mesmo que quanto há.,"Ê fez um negóço igual forno pa botá o forno pro baxo e iscondia dinhêro lá dento punha o dinhêro lá tinha lambique tinha tudo cuntu á era home forte escondeu dinhêro morreu quano os menino foi oiá cê viu foi cinza...foi embora tudo virô cinza (Ent.09, linha 175)"
CURIANGO,(A),Nm[Ssing],Afr.,1. Pequena ave negra de hábitos noturnos. 2. Tipo de cantiga acompanhado por dança de roda,"(R...) me levô numa festa aqui na Vage Bunita a nôte intera dançano o curiango ea pôs nome ne mim de curiango ((risos)) ea botô porque eu gostava do curiango...curiango da mata envem vem matá meu bem curiango da mata envem mais só cê veno aquli era gostoso demais a gente pruveitô hoje ó tem essas bobajada (Ent.03, linha 189)"
CURISCO,(A),Nm[Ssing],Lat>Port,Faisca elétrica. O mesmo que raio.,"Num sobrô nem uma muenda pra contá caso...quebrô as treis muenda rachô como se fosse um curisco que caiu nele (Ent.02, linha 192)"
DANÇADERA,(A),Nf[Ssing],Fr.,Mulher que dança ou gosta de dançar.,"Depois do tiá ia tê o batuque aí saía o recortado com as dançadera mesmo que tava ali ficava lá queta e os home rudiava fazia o batuque (Ent.03, linha 177)"
DANÇADOR,(A),Nm[Ssing],Fr.,Homem que dança ou gosta de dançar.,"Dançava com ôtro dançadô quano era uns dançadô bão pra dançá era bão demais (Ent.06, linha 60)"
DANÇARADA,(n/d),Nf[Ssing],(n/e),Festividade com muita dança.,"Eu era rapazim...e eu morava sozim mais papai aqui né e eu ia pra lá então...ia namorá dançá tinha baile todo dia de noite aquea dançarada danada era todo dia papai já sabia que eu gostava de lá né (Ent.04, linha 247)"
DAR DE BUNDA,(n/d),[Fras],(n/e),Dar meia volta.,"Quano ê envinha eu gritava assim ó (V...) evem o minagerá cumá (V...) o minagerá evem lá a cumpá (Z...F...)"" ó cascava na perna quano eu falava evem o minagerá((risos)) dava de bunda ê num gostava de mim não"" (Ent.07, linha 20 e 21)"
DAR ESCOLA,(n/a),[Fras],(n/e),Ministrar aulas.,"Esse tempo (D...) tava dano escola...no Cipó e passava é por cima lá...o (G...) tava na escola da (D...) (Ent.09, linha 122)"
DAR NA BASE,(n/d),[Fras],(n/e),O mesmo que aproximadamente.,"Ô drumi quano deu na base assim de...de...três hora eu cordei o tempo tava tudo marelo o tempo tava tudo marelo marilim eu falei é tá danado"" pelejei pa levantá num levantava de jeito ninhum"" (Ent.02, linha 43)"
DE BANDA,(A),[Adv],cont.,"Lado, parte lateral.","Levei o pedaço de pau assim de banda...tava pareceno um home...tomô que ê rivirô lá no chão assim ó... (Entr. 04, linha 291)."
DE COQUE,(A),[Loc. Adv],cont.,Sentar no chão sobre os calcanhares. O mesmo que de cócoras.,"Ô num alembro dele não mais diz que ê era fei demais muito fiuzim né agachadim diz que puxano a camisa pra tampá as pirninha de coque lá oiano pra mamãe (Ent.06, linhas 383)"
D’CUNJURO,(A),[Fras],Lat>Port,Proferir palavras autoritárias para espantar demônios ou as almas do outro mundo.,"Ieu num alembrei mia fia vim simbora...d’cunjuro até...de galopada. (Ent.09, linha 230)"
DE PRIMERO,(n/A),[Loc. Adv],(n/e),Antigamente; outrora.,"De primero era no pilão né...pilão igual esse aí ó...ca gente socava...agora tem o aranholi enche o tambori e roda pa podê tirá o azeite (Ent.01, linha 08)"
DERÊTO,(A),[Adj],Lat>Port,Sem erros; correto. O mesmo que direito.,"O vento batia na boca do vido e fazia assim u u u e eu com a ideia quente lembrano pensano que era o home que tava gritano né peguei corrê ah quano eu corri aí que ê grito derêto (Ent.05, linha 130)"
DERROBAR,(A),[V],Lat>Port,Lançar por terra; fazer cair. O mesmo que derrubar.,"Preguntô e eu seu (J...) o que cô vô fazê?"" ah nêga tinha um coquêro grande assim na porta do rancho eu falei ""ah nêgo cê vai derrobá esse coquero pra mim""...""ê disse cadê a foice?"""" (Ent.04, linha 106)"
DESMORECER,(A),[V],cont.,Desanimar. O mesmo que esmorecer.,"O povo dismureceu prantá né...arrendô pa prantá rama de mãindoca...né...nós prantô menina mais...foi um tempo bão aí é que eu sarvei graças a deus (Ent.05, linha 42)"
DEUS~DESI~INDEUS,(n/A),[Prep],(n/e),O mesmo que desde.,"E deus que ê cumeçô criá o premero fio e pareceu o bom jesus lá ê jugava arrei no cavalo pros mais pequeno andá e carguero rôpa de cama trem de cumê né isso embalava subia a Serra pelos ataio (Ent.03, linha 255) ""Até contei dom (S...) aqui ó pra ê me dá uma pinião...dêsi dos seis ano que eu guardo isso na minha cabeça e tinha que falá com um padre mais era véio que esses novo...é tudo de quarqué jeito"" (Ent.04, linha 106) ""(G...) é canhoto...mas...indeus de a escola que ê já...que já cumeçô/cumeçô a usá a mão esquerda pá escrevê na mesma linha da mão direita...é assim é...com a mão direita"" (Ent. 01, linha 161)"
DIA DE SABO,(n/d),NCf[Ssing+prep+Ssing],(n/e),Dia que antecede o domingo. O mesmo que sábado.,"Um dia de sábo e ê foi lá pra ‘ssistí nossa coroação...e as preta menina as pretinha tudo bistiu...porque...misturô todo mundo as pretinha com nóis né....aí depois que nós bistiu que nós desceu do artar (Ent.03, linha 29)"
DIBUIAR,(A),[V],Lat>Port,Desfazer-se.,"Ê tava dibuiano pra caí aí a (C...) falô assim o (P...) pra quê que cê faz isso (P...) bebe não"" aí ê falô assim ""não (C...) num bibi não eu vim aqui pra sinhora falá pra (P...) que é num fica incomodada comigo não porque eu num tô bebeno não""...tonto((risos))tonto que tava rolano ""ô num tô bebeno não e pra sinhora falá pra ea que ô tô aqui rezano pra ela pra ea sará""((risos)) ô coitado...num levô treis dia o home morreu"" (Ent.08, linha 92)"
DICUMENTO,(A),Nm[Ssing],Lat>Port,Escritura destinada a comprovar um fato. O mesmo que documento.,"É ruim quano se num vê nada pro cê assiná tem que marcá o dedo mas tem muitos dicumento que gasta tempo dedo tamém né? (Ent.11, linha 135)"
DISARRIAR,(A),[V],Lat>Port,Tirar os arreios.,"Esse home contô papai um pé de miséra e o papai num respondeu nada...ê contô papai um pé de miséria e disse cê faz ôta cumpá (C...) faz ôta dessa fica abusano cê é muito abusante"" aí que ê pegô e vortô pra trazi e eu disarriei a égua levei nove dia pra essa cara disincha"" (Ent.02, linha 227)"
DISORDE,(A),Nf[Ssing],Lat>Port,Falta de ordem; caos. O mesmo que desordem.,"Vivia mais tranqüilo num tinha esses negóço de coisa tão ruim que tem hoje né tanta disordi (Ent.08, linha 368)"
DISPESA,(n/d),Nf[Ssing],Lat>Port,Mantimentos.,"Fui buscá maco maco fui buscá dispesa é maco maco...ganhei fui abuscá...busquei...ô truxe um sacão assim ó tudo cheio (Ent.10, linha 151)"
DISTINO,(A),Nm[Ssing],Lat>Port,"Sentido, direção.","Aí nôto dia eu andava o terrero todo iguali galinha tonta mais depois que eu armucei que eu peguei o distino...pirdi o distino todo...fiquei sem distino de tudo...o trem entrô aqui dent’ da cabeça que virô uma cachoêra d’água (Ent.02, linha 271)"
DISVAZIAR,(A),[V],Lat>Port,Tornar vazio. O mesmo que esvaziar.,"Nós teve que trepá no pau a inchente tapô tudo cê via só gai de pau balançan’ nós lá em cima iguali soim sigurado e o trem ia lá e vortava cá ... nôto dia quand’ disvasiô um pôco nós desceu num tinha um bago de arroz no terrero (Ent.11, linha 08)"
DIVA,(n/d),Nf[Ssing],(n/e),Ato ou efeito de dever algo a alguém. O mesmo que dívida.,"Teve uma casião que eu passei dois mês cumeno...angú com café fubá suado farinha...trabaiano de picá lenha pá podê fazê carvão pá podê pagá a diva né paguei tudo graças a deus (Ent.06, linha 50)"
DIVERA,(A),[Adv],Lat>Port,"Realmente, com certeza. O mesmo que deveras.","TER.: coitada essa muié já judô ieu demais menina esse trem aí já me judô panhá café quano ô tô panhano café ô vejo ea gritano da minha oreia...ea já tabaiô INF.: tabaiei divera...minha vida era só tabaiá fora num parava den’ de casa não (Ent.10, linha 86)"
EITO,(A),Nm[Ssing],Lat>Port,Roça onde trabalham grupos de homens.,"Eu lembro que nóis ia trabaía no eito e ela ia cantano aqueas coisa da ti (Z...) mais num sei nem contá ocê o que que é porque minha cabeça é muito ruim pirdi tudo passô tudo as coisa ea cantava...agora num sei se ea lembra né eu sei que nóisi trabaiano no eito e ea trabaiano e cantano...cantano...era um história cantada (Ent.07, linhas 384 e 386)"
ENCARAR,(n/A),[V],Lat>Port,Demonstrar interesse amoroso; paquerar.,"Nós era apaxonada com ele todo mundo era lá no Cardoso ele era sapeca ê invocava com as menina e num firmava com nenhuma né mais eu nunca encarei ê não do (E...) eu gostava (Ent.06, linha 80)"
ENCARDIR,(n/A),[V],duv.,Comer com voracidade.,"Aí foi um teatro muito bunito assim...cabô o teatro nós viemo embora...passemo lá no casamento eu fiz eas passá lá porque nós teva lá sozinha eas desceu lá pra fazê companhia quano nós cheguemo lá e cabô o cumê nós tava encardino no doce e o home vai tirá lá o recortado (Ent.03, linha 13)"
ENCARNAR,(A),[V],Lat>Port,Perseguir.,"Chega no Capão Redondo e vô pegá uma égua esse home tinha uma vaca preta...uma vaca preta igual aquela chifruda e essa vaca encarna atrás de mim e eu era muito esperto subi no pé de cagaitêra (Ent.02, linha 197)"
ENCRENCAR,(A),[V],obs.,Por em dificuldade.,"Risquei o burro vei do (G...C...) cá na casa do (Z...)...chegô na casa do (Z...) esse burro andava iguár tamanduá andava ne dois pé só quano ê chegava no (Z...) ê levantava as mão pro arto assim ó e saía caminhano e ia lá pro lado da casa do (O...) lá na Palma lá embaxo...aí ê pegô e encrencô comigo (Ent.02, linha 151)"
ENCRUZIAR,(A),[V],Lat>Port,Dobrar os braços transpaçando-os sobre o corpo. O mesmo que encruzar.,"Cheguei lá em cima eu tava no mei da estrada quano ê largô ieu oiei pros lado era grota aí quê que eu fiz encruziei o braço em cima do burro o burro ficô quitim (Ent.02, linha 261)"
ENFEZADO,(A),[Adj],desc.,"Bravo, arredio.","Ê quebrô meu nariz eu fui e fiquei enfezado de mais da conta quebrei a cara dele (Ent.02, linha 171)"
ENGEM,(A),Nm[Ssing],Lat>Port,Aparelho para moer cana de açúcar; moenda.,"Quano manheceu papai disse ó vai lá na casa do (A...) e eu vô cortá o pau ali pa fazê ôto engem que nós tá com cento e oitenta quilo que cana no engem"""" (Ent.02, linhas 194 e 195)"
ENGENHOCA,(A),Nf[Ssing],Lat>Port,Pequeno engenho destinado à moer cana.,"Ês enconstô tudo debaxo duma engenhoca né...que cumpade (H...) tinha na porta da cuzinha (Ent.04, linha 169)"
ENQUENTE,(n/d),[Adj],(n/e),"Ansioso, inquieto.","Nós num encontrava não ê num vinha aqui não nós encontrô...a primera vez que nós encontrô foi na casa do veí (L...) vô dele depois a mãe dele já tava enquente pra mim...pra arrumá uma moça pra ele pra ê sussegá pra ele num i embora pra Belo Horizonte (Ent.06, linha 102)"
ENTENDER,(n/A),[V],Lat>Port,"Resolver, decidir.","Esse burro andava iguár tamanduá andava ne dois pé só quano ê chegava no (Z...) ê levantava as mão pro arto assim ó e saía caminhano e ia lá pro lado da casa do O lá na Palma lá embaxo...aí ê pegô e encrencô comigo nesse trem eu envinha pra lá pra São José de Almeida né ê foi e entendeu de caminhá comigo entendeu de caminhá comigo e saiu caiminhano com os dois pé (Ent.02, linhas 152 e 153)"
ENTREGA DE PÉ DE MILHO,(n/d),[Fras],(n/e),Comemoração realizada ao término de uma empreitada de trabalho na roça.,"Quano foi no dia da capina a mais foi penado demais quano foi do dia da capina teve quarenta trabaiadô...quarenta home pra capiná roça aí nós cabô a capina menina tinha o tinha o...a entrega de pé de mio que eu fiz lá em casa teve doce (Ent.03, linha 119)"
ENVIR,(n/d),[V],(n/e),O mesmo que vir.,"Eu envinha lá do Cardoso eu fui lá fiquei conversano com o (A...B...) chamano ê pra vim trabaiá e vim trabaiá junto com a turma de segunda fera (Ent.02, linha 31)"
FARINHA D’MINDUIM,(n/d),NCf[Ssing+prep+Ssing],(n/e),Amendoim socado com rapadura.,"No tempo que nós tava na escola era pobreza demais num tinha merenda nessa epra não num tinha nada nós levava batata assada ôta hora farinha d’minduim...e as muié rica as fia dos rico levava quejo com marmelada (Ent.03, linha 17)"
FEBRE CALATINA,(A),NCf[Ssing+Adj],Fr.,"Doença infecciosa caracterizada por febre alta e escamação da pele, incide normalmente em crianças","Eu tinha uma menina que ea tinha tido a febre calatina e tinha um resto do reiméido...ea já tava boa e tinha um resto dum reiméido (Ent.04, linha 93)"
FEJÃO MIÚDO,(n/A),NCm[Ssing+Adj],(n/e),Variedade de feijão caracterizada por seu formato arredondado.,"Cumia é fubá suado né...cumia andu...cumia andu...cumia fejão miúdo chei de bicho...cumia fubá suado sem gurdura...ô cumia...fazê o quê né? (Ent.10, linha 77)"
FEJÃO MULATIM,(A),NCm[Ssing+Adj],(n/e),Variedade de feijão da semente clara.,"Menina mais o fejão era era fejão mulatim da bage rocha fejão tava assim de fejão...é menina mais só o fejão deu pa nós pagá as conta tudo (Ent.03, linha 122)"
FÉRA,(A),Nf[Ssing],Lat>Port,Período de descanso que tem direito os empregados. O mesmo que férias.,"Meus menino tava tudo lá pa fora (I...) mesmo tava aqui de féra que ê tabaiava com taxi né tava aqui de féra (Ent.09, linhas 89 e 90)"
FIADA~AFIADA,(A),Nf[Ssing],Lat>Port,Aquela que recebe o batismo ou confirmação em relação à seu padrinho ou madrinha.,"Coitado era muito pobrezim num cuidava dos menino dê os menino passava fome dum dava rôpa dirêcho então ê ficô aí e a ôtra é minha fiada (Ent.04, linha 91) ""Aí nem um pedacim assim da marmelada nem do quejo num dava pra nós e eu era afiada da mãe delas....quano foi um dia ieu falei assim ó hoje nós vão levá um mucado de farinha de minduim"" (Ent.03, linha 19)"
FIADERA,(n/A),Nf[Ssing],Lat>Port,Mulher que fia o algodão.,"O algodão pra gente panhá ele tem que panhá ele da roça e trazê pra casa né e depois tem que discaroçá ele que eu tinha o discaroçadô tamém aí e todos usava o discaroçadô...discaroçava o gudão né aí depois bateno batia no suai assim ó usava uma espéci de bodoque era assim um arco sabe com um cordão que batia o gudão...até ê ficá bunitão depois de discaroçado aí agora ia pá roda depois dele discaroçado então aí ia pá fiadera tirava pá fiá ôto ia fiá e ia (Ent.04, linha 07)"
FIAR,(A),[V],Lat>Port,Reduzir o algodão a fio.,"Fazia o fuso a roda embaxo aí tinha que fazê uma vara desse tamãim assim ó do tamãim que queira o menó ô maió e pa i fiano o gudão né ali cê cumeçava a linha ali e trucia ê ia penerano lá ( ) cê puxano a linha cá e ê rodano lá...no fuso isso é fiano na mão...isso é fiano na mão agora na roda é diferente (Ent.04, linhas 21e 22)"
FIRRUJAR,(A),[V],Lat>Port,Criar ferrugem; o mesmo que enferrujar.,"A quano eu fui pra lá ea falava ô (M...) essa bacia é no tempo que nós num tinha chuvero nós tomava bãim era nessa bacia"" e a dela era boa menina de cobe num firrujava né...boa memo ela deve tá lá até hoje"" (Ent.06, linha 320)"
FISGAR,(A),[V],Lat>Port,Atingir rapidamente.,"Deu uma batida até bunita falei ô vai saí aqui aí quano eu oiei envia uma luz igual aquela lá aí ea enfeitô pro meu lado assim ea fisgô ne mim ondé que ea tava e evem (Ent.02, linha 277)"
FOICE,(A),Nm[Ssing],Lat>Port,Instrumento curvo usado para ceifar.,"Ê pegô e deu uma foiçada no pé do coquêro levantô a foice deu ôtra foiçada em ante de enterá a tercêra eu falei o nêgo vem cá cê num vai fazê nada não cê vai ficá vigiano é (D...) aqui ó"""" (Ent.04, linha 109)"
FONCIONAR,(A),[V],Fr.,Estar em atividade.,"Papai morô lá uns tempo quano papai morô lá já num foncionava mais mais antes lá tinha engem de fazê rapadura muê cana fazê cachaça (Ent.04, linha 231)"
FORNAIA,(A),Nf[Ssing],Lat>Port,O mesmo que fogão a lenha.,"Ê guardava o dinhêro era no aterro da fornáia sabe? ê fez um negóço igual forno pa botá o forno pro baxo e iscondia dinhêro lá dento punha o dinhêro lá tinha lambique tinha tudo cuntuá era home forte escondeu dinhêro morreu quano os menino foi oiá cê viu foi cinza...foi embora tudo virô cinza (Ent.11, linha 274)"
FRAGELO,(A),Nm[Ssing],Lat>Port,"Desgraça, adversidade.","Eu quano era mais novo tava casado de pôcos mês tava ( ) assim aí eu peguei e...falei com (M...) ó eu vô pegá um burro lá embaxo na Laje...a (M...) disse ó lá vai caçá fragelo""...falei ""não"""" (Ent.02, linha 72)"
FRESCÃO,(A),Nm[Ssing],Germ.,"Descansado, livre de tarefas.","Tempestada menina e lá era bêra de linha de trem de ferro menina é serra e quano dá um istrondo cê pensa que tá abalano tudo cê pensa que tá passano um furacão no terreno aí a parede caiu...caiu dois pé de coquêro aquê cuquirinho e um pé de laranja menina tudo nôto dia amanheceu de banda e o (T...) frescão lá em Belorizonte (Ent.06, linha 340)"
FREVER,(A),[V],Lat>Port,"Agitar-se, excitar-se, animar-se.","Quano foi de nôte...nós freveu na festa tava um trem doido ((risos))mais o trem tava bão demais (Ent.04, linha 259)"
FUBÁ SUADO,(A),NCm[Ssing+Adj],(n/e),Farinha de milho preparada com gordura e sal.,"Teve uma casião que eu passei dois mês cumeno...angú com café fubá suado farinha...trabaiano de picá lenha pá podê fazê carvão pá podê pagá a diva (Ent.05, linha 49)"
FUGARERO,(A),Nm[Ssing],Lat>Port,Pequeno fogão portátil.,"Faz fuganzim arto quem qué fazê faz um giralzim a cumá (F...) fazia num giralzim agora ela leva fugarero né ea comprô um trenzim ea leva...agora banho num paga nada não mais no cumeço buscava água no reberão. (Ent.06, linha 287)"
FUMO,(A),Nm[Ssing],Lat>Port,"Folhas de plantas preparadas para fumar, mascar ou cheirar.","Eu ‘prendi fumá foi com esse danado desse fumo ea ariava o dente e jugava fora aquê bagaço...ô pegava ê dexava /punha lá dexava secá e fazia cigarro pitava pitava aprendi (Ent.11, linha 226)"
FURQUIA,(A),Nf[Ssing],Esp.,Vara bifurcada.,"Num existia arame não e cerca de tisôra...a cerca de tisôra é o seguinte...aí ês bate as furquia aqui...e ôta aqui e põe o varão (Ent.04, linha 424)"
FUSO,(A),Nm[Ssing],Lat>Port,"Instrumento de madeira, roliço, onde se torce o fio até o mesmo atingir a grossura desejada.","Era a roda aí antão cê ia com o gudão pra roda mais se eu fô contá a históra é muito compricado sabe aí tem que levá pra roda e a roda tem o fuso cê tem que colocá a linha ali e agora foncioná a roda então agora a fiadêra vem e vem sortano o gudão assim e fiano (Ent.04, linha 12)"
GALOPADA,(A),Nf[Ssing],Fr.,Corrida a galope.,"Quano ele de lá viu nóisi ê largô lá a sacola de trem largô tudo e juntô de galopada foi po lado do Jatobá foi rudiô lá por detrás foi isperá o ôns lá no camim do Cardoso (Ent.09, linha 124)"
GAMELA,(A),Nf[Ssing],Lat>Port,"Utensílio, geralmente de madeira ou barro, em forma de tigela, usado para lavar alimentos, para servi-los ou até mesmo para tomar banho.","No torcê a massa aquela água vai...o purví vai assentano ô numa gamela ô no tacho que parô ea o pruví vai assentano...no fundo (Ent.01, linha 156)"
GANHAR DIA~GANHAR UM DIA,(n/d),[Fras],(n/e),Receber o pagamento referente a um dia de trabalho.,"...pa muié ...eu...era dois dia pra ganhá um dia dum home...dois dia pa ganhá um dia dum home...que um home ganhava dois mirreis e a muié ganhava um (Ent. 03, linhas 113 e 114) ""Tinha uma (M...C...) que morava com nós tamém aí nós foi ganhá dia era home prum lado nós por ôto aí quano foi no dia da capina menina nóis prantemo"" (Ent. 03, linha 116)"
GARAPA,(A),Nf[Ssing],cont.,O sumo da cana usado como bebida e para produção de derivados da cana.,"Oiava debaxo da fornáia aquês trem véi tudo que tinha aqueas bagacêra véia dento da fornáia de cuzinhá garapa aquês trem véi tudo (Ent. 04, linha 362)"
GARRAR,(n/A),[V],Cel.,"Principiar, começar, iniciar alguma coisa.","Santo Antôni fazia os casamento quano a muié garrava a ganhá os menino e num queria mais os menino porque o trem era difícil né...levava de dava São Vicente pra criá...Santo Antônio fazia o casamento São Vicente ia criá os menino (Ent. 03, linha 08)"
GARROTE,(A),Nm[Ssing],Fr.,Bezerro de dois a quatro anos de idade.,"Tinha uns boi...no pasto que nós passava tinha um boi um garrote danado que pôs eu em riba do pau uma vez mais (R...) (Ent. 03, linha 142)"
GARRUCHA,(A),Nm[Ssing],Cast.,Espécie de arma de fogo que é carregada com munição de menor calibre.,"A lua tava inguali um dia tô ovino lá um tum tum passei a mão na garrucha aí eu abri a porta num buraco assim eu entupia um buraco assim com um trem branco que ficava pareceno um barro aí eu oiei assim falei é um home que tá ali eu num posso atirá não"""" (Ent. 02, linha 10)"
GASTAR,(n/A),[V],Lat>Port,"O mesmo que necessitar, precisar.","Eu ói lá na hora que...custuma na hora que ê tá bão o ôto cá tá melado tamém...aí ê fala assim...fala ó num gasta tirá o coco não (Ent. 01, linha 55)"
GENEBRA,(n/d),Nf[Ssing],(n/e),"Demônio, diabo.","Chegô na porta do (C...B...)...menina...mais esse burro virô genebra cumigo na porta daquele (C...B...) ali (Ent. 02, linha 160)"
GIMIDURA,(n/d),Nf[Ssing],(n/e),Vozearia de gemidos. O mesmo que gemedeira.,"Com de fé aí cumeçava a gemê de novo aí tornava sái com a luzi num tinha gimidura num tinha nada ea la ia quano eu ia assim pra fora ea ia junto comigo (Ent. 04, linha 360)"
GOLO~GOLIM~GULIM,(n/A),Nm[Ssing],Lat>Port,Um trago de uma bebida ou remédio qualquer.,"Chegava lá largava o carguero lá papai...enquanto papai ia descarregá o cavalo e bebê um golo mais (T...C...) né...eu chuchava lá pa casa do ...da dona dele (Ent. 09, linha 370) ""...peguei dancei um batuque e bibi uns golim com (C...X...) lá né e vim ‘bora de lá da casa do (C...X...) pra casa de quatro pé"" (Ent. 02, linha 234) ""Meu pai prantava cana de fora a fora ali...meloso tava dessa artura assim ó...ieu que ia pa lá judá ê capiná o meloso...era assim mia fia cê frentava lá...ê bibia uns gulim né...animava né...pobe de eu num bibia nada"" (Ent. 09, linha 18)"
GRAVATÁ,(A),Nf[Ssing],Ind.,Planta da família das bromélias repleta espinhos.,"Um senguê do lado de cima era um senguê gravatá só e cipó num tinha pra onde corrê (Ent.04, linha 281)"
GROTA,(A),Nf[Ssing],Nap.,Cavidade nas encostas de serra ou de morro provocada por águas da chuva.,"Ô tô oiano ele e veio de cá em baxo na berada do pé desse/dessa grota aqui desse buêro aí ó do lado de cá berano aqui dolado de lá mais berano a grota...vei chegô lá...chegô lá mia fia quano ê chegô cá ê baxô (Ent. 09, linhas 83 e 84) "
GRUDURA,(A),Nf[Ssing],Lat>Port,Substância untosa de origem animal ou vegetal. O mesmo que gordura.,"A grudura fica iguali o ói de...fica/é o chêro dela sempre é diferente do ói de soja mais num tem rema ninhuma (Ent. 01, linha 71)"
GUDÃO,(A),Nm[Ssing],Ár.,Conjunto de pelos que revestem as sementes do algodoeiro com os quais se fabricam tecidos. O mesmo que algodão.,"Eu vistí muita carça de gudão camisa...nessa época fazia né (Ent. 04, linha 54)"
GUELA,(A),Nf[Ssing],Lat>Port,O mesmo que garganta.,"INF.: Uai nós ficamo cunheceno macarrão ...ocê lembra do guela de pato? PESQ.: um viradim grande todo riscadim. INF.: é um bitelão memo assim ó ele era um caiau memo cê fazia ele quais que treis bago inchía a panela (Ent. 09, linha 44)"
GUMITAR,(A),[V],Lat>Port,Expelir pela boca. O mesmo que vomitar.,"Nós carregava iscuma botava a garapa pra fervê aí ê falava bota o fogo mais num aperta muito não se fervê gumita"" aí nós falava assim ""uai padim (Z...) esse trem gumita tamém?""((risos)) quê que é cumeu? ê falava ""não é que tá azedo"""" (Ent. 08, linha 105)"
HISPITALI,(A),Nm[Ssing],Lat>Port,Estabelecimento destinado ao tratamento dos doentes; o mesmo que hospital.,"A minha dona ta duente ta fazeno tratamento nessa casião num tinha nem hispitali pra interná né tratava dent’ de casa memo fazia consurta no dotori e vinha embora pra casa (Ent. 05, linha 78)"
HORMÔNIO DA CABEÇA,(n/d),NCm[Ssing+prep+art+Ssing],(n/e),Veia localizada na cabeça.,"Uai minha fia é por causa de burro ê istorô o hormônio da cabeça dele aí cresceu um tumore que tirô pelo nariz mais num podia tirá não (Ent. 02, linha 180)"
ICARRIADO,(A),Nm[Ssing],Lat>Port,Dispostos em sequência. O mesmo que encarrilhado.,"De tudo contuá que cê pensá...é fejão...é mio...mandiocal...anduzêro...canavial bananal é...é...batatinha...batatinha nós plantava demais...melancia MENINA...lá onde nós tá falano...ocê/ocê contava eas assim ó...icarraiado (Ent. 11, linha 78)"
IDEIA,(A),Nf[Ssing],Lat>Port,"Mente, cabeça.","É só a gente tê fé e a cabeça...a ideia boa pra podê aprendê...né...de primero...até hoje eu sei uma oração...de...confissão (Ent. 01, linha 297)"
ILUDIDO,(n/A),[Adj],Lat>Port,Preocupado.,"Falei com a mamãe ô mãe tô com uma vontade de matá o papai mais de que tudo"" ea foi e falô ""(P...) dexa de bobage...dexa de bobage"" num fica iludido com isso não morre esse trem"" (Ent. 02, linha 244)"
IM ANTE,(n/A),[Loc. Adv],(n/e),Antes.," pegô e deu uma foiçada no pé do coquêro levantô a foice deu ôtra foiçada im ante de enterá a tercêra eu falei o nêgo vem cá cê num vai fazê nada não cê vai ficá vigiano é (D...) aqui ó"""" (Ent.04, linha 109)"
IMBIGADA,(A),Nf[Ssing],Lat>Port,Dança onde os dançarinos dão pancadas com o umbigo entre si.,"O home vai tirá lá o recortado lá pra dançá pegô riscô o dedo na viola e deu a imbigada na (L...) caiu teso virado pa trás (Ent. 03, linha 14)"
IMBIGO,(A),Nm[Ssing],Lat>Port,Depressão cutânia localizada no centro do abdômem. O mesmo que umbigo.,"O menina mais num tem muitos ano que ea morreu...(T...) cortô o imbigo do (L...) que ti (M...G...) quebrô o braço e num pode vim assim mesmo ea brigô de ciúme que os premero é pirigoso (Ent. 06, linha 146)"
IMBIRA,(A),Nf Ssing],Ind.,Espécie de corda feita de fibras de certas árvores.,"Um dia passô ês dois conversano aí ês falô assim é Cipó já foi cipó mais hoje ela é imbira...virô imbira"""" (Ent. 03, linha 132)"
IMBORBUIAR,(A),[V],Cast.,Cobrir-se de bolhas.,"Nessa noite num drumí nada pr’ela...o trem imborbuiô tudo...é (Ent. 09, linha 134)"
INCANJICADA,(n/d),[Adj],Mal.,Estar com alguma reação alérgica em que espalhamse crostas pela pele.,"Mamãe tava tomano o reméido dela a mamãe intuxicô tudo né ficô toda incanjicada assim ó coçano sangue saía que só cê veno (Ent. 09, linha 134)"
ĨGUALI,(A),[Adj],Lat>Port,"Que tem a mesma aparência, não apresenta diferença. O mesmo que igual.","Ê sabia do modo nosso de abri porta né...num tinha chave não aí tô durmino a lua tava ĩguali um dia tô ovino lá um tum tum passei a mão na garrucha. (Ent.02, linha 09)"
INCERRAÇÃO DE CAPINA,(n/d),[Fras],(n/e),Espécie de banquete servido após o final do trabalho na roça.,"INF.:...Eu sabia até as música de boiadêra mais agora num lembro boba num lembro a musica dê não comé que era que ês cantava não.TERC.: nó gente se lembrasse né...é interessante. INF.: é...comé que era...depois tinha incerração de capina...tinha doce (Ent. 07, linha 135)"
INFEITAR,(A),[V],Port.,Atrever-se.,"Peguei esse burro menina tinha uma moça lá na fazenda do home a moça foi e trepô na régua do curral e esse burro infeitô bunito (Ent. 02, linha 128)"
INHAMBU,(A),[V],Ind.,"Ave de corpo robusto, cor escura, pernas grossas e desprovida de rabo.","Tinha muito passarim codorna perdiz tinha muita aqui num tô veno mais...os passarim que existia inhambu num tem mais...codorna nós chegava como daqui ali eas chegava até ali ó piano um tanto de codorna aí ó era perdiz num tem nada mais (Ent.04, linha 394)"
INJUNTAR,(A),[V],Lat>Port,Reunir. O mesmo que juntar.,"Agora cabava de saí a água...a massa ficava ‘té quente...bem ispaiadinha no saco...que se ela injuntá assim no mei do saco ea num ‘perta não ea fica mole (Ent.01, linha 249)"
INRESTAR,(n/d),[V],(n/e),Teimar.,"Quano nós inrestava pra í num lugá e tinha que levá e ela já tava cansada mia fia que penô muito com marido e penô com a famía pra cabá de criá nóisi (Ent.06, linha 12)"
INTÉ¹,(A),[Prep],(n/e),Expressa um limite de tempo. O mesmo que até,"PESQ.: E era muita gente que tinha?muita gente naquele tempo que tinha o bichinho? INF.: Inté hoje por aqui tem...tem...tem por aqui mesmo tem uns treis ou quatro que tem ele no vidro aí (Ent.11, linha 159)"
INTÉ²,(A),[Adv],(n/e),"Também, inclusive. O mesmo que até.","Parece inté uma brincadêra ieu envinha desceno sozim peguei a barriguêra e envinha desceno sozim com um pelego vermei na mão pra carçá a cabeça (Ent.02, linha 84)"
INTRAMIAR~INTRIMIAR,(A),[V],Lat>Port,Misturar. O mesmo que entremear,"Nós aprendeu a dançá baile ali com as negada do Açude nó eu dançava que nem uma condenada iscundido meu irmão prometeu de atirá nas mias perna e eu intrimiava no mei do povo e frivia no baile (Ent.06, linha 29)"
INTUXICAR,(A),[V],Fr.,Envenenar. O mesmo que intoxicar.,"Mamãe tava tomano o reméido dela a mamãe intuxicô tudo né ficô toda incanjicada assim ó coçano sangue saía que só cê veno (Ent.09, linha 136)"
INXADA DE ARADO,(n/d),NCm[Ssing+prep+Ssing],(n/e),Uma das peças do arado.,"Em carroça de burro gastava cinco dia pra í...dois dia e mei pra lá dois dia e mei pra cá gastava cinco dia pra í e vortá...tinha que buscá arado...é bico de arado inxada de arado rudía cabo de arado é ruero de arado tudo tinha que buscá lá fora (Ent.05, linha 150)"
INXADÃO,(A),Nm[Ssing],Lat>Port,Instrumento de ferro com cabo de madeira similar a uma enxada que serve para cavar a terra.,"Cheguei cá mais em cima mia fia...deu embaxo dum pau santo lá um inxadão dele pindurado lá no pau santo aí que o medo cabô de trepá mais eu tava no arto do campo (Ent. 09, linha 227)"
INXEMPRO,(A),Nm[Ssing],Lat>Port,Modelo. O mesmo que exemplo,"Era assim agora quano fosse no ôto ano por inxempro que cê fosse prantá ali...aquea cerca...sê pudia prantá naquele lugá uns dois ô treis ano...mais aí se ocê prantava ali uns dois treis ano cê num ia prantá aquí mais cê roçava um ôtro pedaço (Ent.04, linha 430)"
ISCAMUÇAR,(n/d),[V],(n/e),Espantar.,"A menina tinha tava com menos de dois ano...cobra iscamuçô menina...iscamuçô que eu andei/me trôxe até ali ó...mais um cobruço cobra preta (Ent.10, linhas 05 e 06)"
ISCANGAIAR,(A),[V],Cel.,"Quebrar, arruinar. O mesmo que escangalhar.","Ea foi abriu a porta aí fui entrá dent’ de casa oiei falei ah"" iscangaiei a foice aquea foice moladinhazinha vazadinhazinha ô tinha comprado"" (Ent.04, linha 206)"
ISCUMA,(A),Nf[Ssing],Lat>Port,O mesmo que espuma.,"Seu avô fazia muita cachaça divera...rapadura mia fia é só muê a cana põe no tacho...bota fogo na fornaia...dexa quano ea dá aquea iscuma grossa assim cê panha e iscuma tudo e depois cê dexa...ali ea vai freveno...vai freveno quano ea vai subino (Ent.09, linha 174)"
ISCUMAR,(A),[V],Lat>Port,Retirar a espuma da garapa enquanto ela ferve.,"Lá no engém lá tinha uma bica d’água assim...cumpá (A...) chegava lá com o dedo no ovido sacudino assim nos uvido assim ((risos)) e rapadura na grade lá já...nóis iscumava tacho com a lanterna...quano tava ventano iscumava co’a lanterna...inquanto tava de soli...quano num tava ventano...nós escumava com lamparina (Ent.09, linha 35)"
ISCURRUPIÃO,(A),Nm[Ssing],Lat>Port,O mesmo que escorpião.,"Ô num sei nem ispricá que o bicho que pulô ne mim...ô tava aqui ó lá no terrero ê pulô ne mim...um bicho assim ó num sei que bicho que era não...é isperto demais...tem uns bicho isperto demais...né rato não num sei que bicho parece iscurrupião (Ent.10, linha 106)"
ISMURRAR,(A),[V],obs.,Trabalhar exaustivamente.,"Fazia era assim sozinha e deus ismurrava com essas coisa é...quan’ eu morava com o pai né...sortera...fazia farinha de mãidoca...mãidoca buscada na cabeça bem longe ieu mesmo rancava...levava pa casa (Ent.01, linha 84)"
ISPARRELA,(A),Nf[Ssing],obs.,"Complicação, desvio.","A pessoa quano cai nalgum isparrela eas tá ino é por gosto né (D...)? cê entendo o que que é o bão e o que que é o ruim né (Ent.06, linha 123)"
ISPINHELA CAÍDA,(A),NCf[Ssing],(n/e),Enfermidade que causa dores na região do tórax.,"Pai do fi do isprito santo amem...jesus é nascido Jesus nascido é fí da virge Maria sem pecado é Jesus Nazaré cura (E...) de ispinhela caída vento virado bila derramada ar preso vento igalzado assim mesmo Jesus me cura em nome do pai filho isprito santo amém....jesus de nasaré há de provê tudo e dá miora (Ent.09, linha 491)"
ISPRITO,(A),Nm[Ssing],Lat>Port,Alma. O mesmo que espírito.,"Com deus me deito com deus me alevanto...com a graça divina e o sinhô isprito santo (Ent.01, linha 333)"
ISPRIVITADINHAZINHA,(n/d),[Adj],(n/e),"Com todas as particularidades, detalhado.","Falava as palavra isprivitadinhazinha...dava pra aprendê uai (Ent.01, linha 327)"
ISTALÊRO,(A),Nm[Ssing],Lat>Port,Espécie de mesa rudimental feita com taboas soltas.,"Mais a gente compra bambu faz um istalêro assim ( )faz fuganzim arto quem qué fazê faz um jirauzim a cumá F fazia num jirauzim agora ela leva fugarêro (Ent.06, linha 286)"
JAPONA,(A),Nf[Ssing],top.,Espécie de jaqueta.,"Foi o quê que ê fez tirô a japona ê tava com dois japona né... tiro uma japona dê e deu pra ea bistí pôs ea no carro levô ea no Conceição do Serro e tôrxe ea ...sortô no mesmo lugá (Ent. 09, linha 62)"
JARACUÇU CABEÇA DE PATO,(A),NCf[Ssing+Ssing+prep+Ssing],Ind.,Cobra peçonhenta com o dorso amarelado e de grande ferocidade.,"Inventei de fiá essa mão aqui ó...a mão esquerda essa é a mão esquerda...enfiei a mão assim ó quano eu enfiei a mão assim ó saiu aquê bicho/aquea BICHONA com aquê cabeção assim ó ((risos))cóba jaracuçu cabeça de pato (Ent. 10, linha 31)"
JIRAU,(A),Nm[Ssing],Ind.,Armação de madeiras dispostas sobre forquilhas que pode ser utilizada como cama ou como depósito para utensílios domésticos.,"Eu chuchava lá pa casa do ...da dona dele chegava lá tinha aquela purção de cama de jirau assim ó ‘quea purção cada cama tinha um balaím d’buneca dibaxo (Ent. 06, linha 286)"
JUNTA DE BOI,(A),NCm[Ssing+prep+Ssing],(n/e),Dois bois que são atrelados juntos para o trabalho.,"Cortô arrozi nós ispaiô arrozi no terrero com seis junta de boi (Ent. 07, linha 02)"
JUNTA DO OSSO,(A),NCf[Ssing+(prep+art)+Ssing],(n/e),Articulação dos ossos.,"Por isso que tem que benzê na frente...daqui assim ó e o cê ispichá a junta do osso aqui...ta grosso é...deus abençoa que cê vai miorá (Ent. 01, linha 448)"
JUNTA ISCUNJUTADA,(n/d),NCf[Ssing+Adj],(n/e),Articulação deslocada.,"Jesus é nascido [...]Jesus nascido é [...] fí da Virge Maria [...] sem pecado é [...]me cura essa ringidura [...]Jesus Nazaré [...] ê me benze [...]de carne quebrada [...] veia rota [...]nervo assombrado [...] junta iscunjuntada [...]osso ringido [...] assim mesmo Jesus me cura (Ent. 01, linhas 371, 404 e 435)"
JUNTAR DE GALOPADA,(n/d),[Fras],(n/e),Correr.,"Esse tempo (D...) tava dano escola...no Cipó e passava é por cima lá...o (G...) tava na escola da (D...)...aí quano ele de lá viu nóisi ê largô lá a sacola de trem largô tudo e juntô de galopada foi po lado do Jatobá foi rudiô lá por detrás foi isperá o ôns lá no camim do Cardoso (Ent. 09, linha 124)"
LABUTAR,(A),[V],Lat>Port,Trabalhar duramente.,"Minha mãe já tinha falecido...já tinha... ah já tinha bem tempo já essa epra né...e eu/labutava mesmo num tinha tempo pa nada não (Ent. 01, linha 115)"
LAJEADO,(A),Nm[Ssing],cont.,Fração rochosa do leito de um rio.,"Viu um baruião lá tinha uma barrancêra medonha e um cipó assim ó depois papai foi lá ĩzaminô o lugá lá tinha uns cipó assim e foi correno chegô lá infiô o sapato assim ó e caiu de cabeça pa baxo po lajeado abaxo...caiu den’ do poço lá meu fí...morreu (Ent. 09, linha 207)"
LAMBICAR,(A),[V],Gr.,Destilar no alambique. O mesmo que alambicar.,"Dindim (M...) tava mexeno com armoço falava assim vai judá (Z...) lambicá lá embaxo""...discia eu e cumá (D...)"" (Ent. 08, linha 100)"
LAMBIQUE,(A),Nm[Ssing],Gr.,Aparelho próprio para destilação usado na produção de água ardente.,"Punha o dinhêro lá tinha lambique tinha tudo cuntuá era home forte escondeu dinhêro morreu quano os menino foi oiá cê viu foi cinza...foi embora tudo virô cinza (Ent. 11, linha 175)"
LAMPARINA,(A),Nf[Ssing],Cast.,"Pequeno recipiente com um líquido iluminante (óleo, querosene, etc.) no qual se mergulha um pequeno disco de madeira, de cortiça ou de metal traspassado por um pavio que, aceso, fornece luz atenuada.","Foi caçá tatu andô por esses arto fora desceu la trás no capão de lá caçano tatu com gaiola e inxadão lamparina chucho tudo tava com ês (Ent. 09, linha 199)"
LANÇADÊRA,(A),Nf[Ssing],Lat>Port,Peça do tear por onde passa o fio da tecelagem.,"Eu num errava um ponto a hora que ia as lançadêra né...e na hora..que vinha passava por baxo das lançadêra né pra...pra cá a ôta ia pra lá...depois do tiá ia tê o batuque aí saí o recortado (Ent. 03, linha 177)"
LARANJA CREME,(n/d),NCf[Ssing+Ssing],(n/e),"Laranja de tamanho pequeno, casca fina, de tom forte alaranjado e de sabor extremamente azedo. Também chamada de limão capeta.","Ês misturava é com airco misturava...botava airco botava laranja creme...ficava gostosa proquê era doce botava um adocicado nela é por isso que ea subia ea tinha doce cachaça num pode num pó vê doce (Ent. 11, linha 211)"
LAVRAR,(A),[V],Lat>Port,Revolver e sulcar a terra para o plantio.,"A primera roça que eu prantei aqui foi ali do ôto lado foi lavrado na enchada tinha que lavrá na enxada que num tinha arado...adubo...adubo foi de um certo tempo pra cá num tinha adubo que o povo estudo aí veio o adub. (Ent. 04, linha 435)"
LEMENTAR,(n/A),[V],(n/e),Comer. O mesmo que alimentar.,"A unha dê é des’ tamãim uai...cavaca e ê vai com a língua assim e ea fica grossa memo quano ê vê que a formiga ô o cupim já juntô ea vorta pra dentro e vorta limpa pa trás né ê lementa assim a boca dele é redonda assim (Ent. 04, linha 306)"
LIBRA,(A),Nf[Ssing],Lat>Port,Unidade de medida.,"Tinha um fuso lá na roda agora depois da linha tá cheia mesmo pudia sinhora parava a roda...parava a roda e agora aí enrolá aquela roda toda e fazê aquês nuvelo es falava uma libra...uma libra um nuvelo desse tamãim assim (Ent. 04, linha 32)"
LOBO GUARÁ,(A),NCm[Ssing+Adj],Ind.,"Lobo de cor pardo-avermelhada, dorso escuro e pernas compridas comum em regiões de cerrado.","Larguei tudo tinha medo...tinha medo tava sozim diz que lobo guará assim se ocê mexê com ele ê ataca mesmo (Ent. 05, linha 159)"
LORO,(A),Nm[Ssing],Lat>Port,Correia do arreio que serve para segurar os estribos.,"Topázio caminha dois passo pra frente"" ê caiminhô mais dois passo pra frente eu pequei no lóro e levantei... com essa mão daqui sigura levantei uma dor...levantei de novo o trem zuô travêz eu fui e garrei memo na cabeça do arrei"" (Ent. 02, linha 51)"
LUBISOME~LOBISOME,(A),Nm[Ssing],Lat>Port,Homem amaldiçoado que se transforma em lobo e vagueia em noites de lua cheia.,"O menina ô andava nesse mato aqui iguali lobisome...mema coisa de lobisome andano de noite (Ent. 02, linhas 285 e 286) ""Numa famía que tinha sete muié num tinha um home no meio a que interava sete era mula sem cabeça e tamém lubisome tamém era a mesma coisa o que interava sete ((risos)) eas num intende nada disso não né ((risos)) home tamém se interasse sete sem tê uma muié no meio era lubisome cê sabe que tigamente andava isso mas hoje em dia é raro"" (Ent. 09, linhas 302 e 304)"
LUMIAR,(n/A),[V],Lat>Port,Tornar claro algum lugar. O mesmo que alumiar.,"Tava iscuro né tirei o fósfo lumiei assim ó tava aquê cuê de bicho pro chão fora (Ent. 04, linha 294)"
MACO MACO,(n/d),NCm[Ssing+Ssing],(n/e),"Alimento, comida.","PESQ.: chuveu? e quê que aconteceu I? INFO.: uai ô durmi na casa de (R...)...(R...L...)...(L...) do Morro fui buscá maco maco fui buscá dispesa é maco maco...ganhei fui abuscá...busquei...ô truxe um sacão assim ó tudo cheio. (Ent. 10, linhas 151 e 152)"
MÃE DE PRIMERO LEITE,(A),NCf[Ssing+prep+N+Ssing],Lat>Port,Mulher que não é a mãe mas que amamenta o bebê. O mesmo que ama de leite.,"Tia e mãe de primero leite né...quano eu nasci ela que me deu primêro leite. (Ent. 01, linha151)"
MÃIDOCA~MÃINDOCA,(A),Nf[Ssing],Ind.,"Planta cuja raiz, rica em amido, é muito utilizada na alimentação e na produção de produtos alimentícios.","Pois é tinha vontade de tabaiá...ralava mãidioca no ralo ruco ruco...é um aqui ó que é igualzim o que eu tinha lá em casa (Ent. 01, linha 119) ""Carregano carguero de...de mio....de mi não de mãindoca lá do...lá do Mata Mata lá pra cá lá é...do/carregano...rancano mãindoca debá’ de chuva ieu mais cumpade (A...) meu irmão"" (Ent. 09, linhas 01 e 02)"
MÃIDOCA CACAU,(n/d),NCf[Ssing+Adj],(n/e),Variedade de mandioca.,"Mãidoca cacau ela já dá mais cumprida e mais pro chão adentro...a mãindoca chitinha ea dá é grossa e curta...ea ficava c’ a cacunda de fora assim (Ent. 01, linha 100)"
MÃIDOCA CHITINHA,(n/d),NCf[Ssing+Adj],(n/e),Variedade de mandioca de formato arredondado.,"A mãidoca chitinha ela dá bem dizê é redonda e ea num entra no chão tamém não é...ea fica/dava...dava aquea roda assim...aquea roda assim de mãidoca no pé a gente via a cacunda dela (Ent. 01, linha 96)"
MAISI¹,(n/d),[Conj],(n/e),Porém. O mesmo que mas.,"Aquilo foi uma luta maisi deus ajudô que ea criô tudo aí depois que ês crescero aí já foi saino né cumeçô trabaiano na cerâmica aqui em cima (Ent. 07, linha 227)"
MAISI²,(n/d),[Adv],(n/e),O mesmo que mais.,"Esse home ficô um tempão falano nesse trem e a cocêra (D...) que ele tinha as duas perna coçava coçava coçava e coçava a oreia mais quase que esse home fica doido...e num escutô maisi daí pra cá (Ent. 02, linha 22)"
MALUNGA,(n/d),Nf[Ssing],(n/e),Que tem a mesma idade.,"Aquea fia do (P...A...)...aquea fia do (P...A...) é malunga desse meu aqui ó (Ent. 09, linha 433)"
MANGANGÁ,(A),Nm[Ssing],Ind.,Espécie grande de besouro.,"Tinha bisorro marelo mangangá tinha bizorro de umas quatro qualidade saía e pastava pra onde ele quisesse mais de nôte morava lá (Ent. 04, linha 380)"
MANGURA~MANGUARINHA,(A),Nf[Ssing],Lat>Port,Espécie de bastão que serve para apoio.,"Ea tava com a manguarinha ea catucô ea assim com a varinha catucô a égua com a varinha (Ent.10, linha 210)"
MANJARRA,(A),Nf[Ssing],Lat>Port,Peça do engenho de cana.,"Quano ê incostô na ôta muenda eu vi só pedaço da muenda fazê assim TÁ caiu a manjarra caiu tudo (Ent. 02, linha 191)"
MANJOCAL,(A),Nm[Ssing],Ind.,Plantação de mandiocas.,"Já fiz muita farinha...aquí no Mato Seco eu tinha um manjocal plantado a meia com comá (Z...) um cunhado meu que casô com uma irmã minha mais nós fazia era cinquenta sessenta saco de farinha...sabe quanto que nós vindia? oito mil réis o saco (Ent. 04, linha 400)"
MÃO DE PILÃO,(n/A),NCm[Ssing+prep+Ssing],(n/e),Peça de madeira com que se tritura algo no pilão.,"Na hora que tá socano lá...qu’ê cumeça a bambiá ai vai isquentano a mão de pilão de vez em quano...a hora que ea soa toca lá depressa...soca soca soca...vorta lá torna isquentá nem a mão de pilão chupa a grudura e nem o pilão tamém...conserva só quente né (Ent. 01, linhas 79 e 78)"
MÁQUINA DE PÉ,(n/A),NCm[Ssing+prep+Ssing],(n/e),Máquina de costura movimentada por um pedal,"(J...B...) era companhêro da (M...) né era rica (M...) tinha máquina de pé custurava custurêra de primera (Ent. 09, linha 392)"
MARELÃO,(A),Nm[Ssing],Lat>Port,Doença causada por vermes.,"Aí menina o menino vinha atrás de mim marelão da infança pinico da cagança macarrão de santa casa"" me xingano"" (Ent. 03, linha 144)"
MARRIO,(A),Nm[Ssing],Fr.,O mesmo que nó.,"Põe uma duas ispaiava ela bem ralinha lá do marrío até a ponta do saco e aí agora é virá pra torcê ((risos)) virava direita turcía turcía (Ent. 01, linha 246)"
MASTIGAR,(A),[V],Lat>Port,Gaguejar.,"De onde cê é?"" ê foi mancô assim e disse ""ieu sô do Capão Grosso""...""fí de quem?"" mastigô mastigô depois disse ""sô fí do (G...)""...(G...) era muito amigo do (A...) aqui né do pessoali dele"" (Ent. 09, linha 109)"
MEDONHO,(A),[Adj],Lat>Port,Ruim.,"Ê foi e disse mais comé que nós vão fazê?"" aí ô falei ""tá medonho"" aí nosso sinhô judô que (J...) arrumô um pedaço de terra na Caetana...tirô um pedaço de terra pra nós"" (Ent. 03, linha 102)"
MEIÊRO,(A),Nm[Ssing],Lat>Port,Aquele que planta em terreno que não é seu repartindo os lucros dacolheita.,"Entre o Capão Grosso e a Serra ranchão de capim eu fiquei lá quase um mese cũzinhano pá tabaiadô e ê arrumáva muito tabaiadô porque ele arava terra e dava pros meiêro (Ent. 06, linha 137)"
MELADO,(A),Nm[Ssing],Lat>Port,A calda grossa do açúcar.,"Cê põe no cocho no lugá de batê a rapadura enche aquê ê dexa lá...e dexa lá com dois dia cê pega aquê melado...põe na forma...cê põe ê lá enche as fôrma tudo agora trazia o barro de têia trazia aquê barro mole de teia forrava ê assim. (Ent. 11, linha 196)"
MELAR COCO,(n/d),[Fras],(n/e),Aquecer o coco até que ele comece a soltar gordura.,"Ieu num faço não que inquanto eu guentei eu judei né...muê coco no aranholi...a mão...é...melá coco d’gurdura...maisi...eu só torro ali pra ê (Ent. 01, linha 50)"
MELOSO,(n/d),Nm[Ssing],Lat>Port,Espécie de capim que serve como pastagem. Também conhecido como capim gordura.,"Meu pai prantava cana de fora a fora ali...meloso tava dessa artura assim ó...ieu que ia pa lá judá ê capiná...capiná o meloso...era assim mia fia cê frentava lá (Ent. 09, linha 18)"
MINAGERÁ,(n/d),Nm[Ssing],(n/e),Espécie de chapéu de abas curtas.,"Quano ê envinha eu gritava assim ó (V...) evem o minagerá cumá (V...) o minagerá evem lá"" ah cumpá (Z...F...) ó cascava na perna quano eu falava evem o minagerá."" (Ent. 08, linhas 19 e 20)"
MÔ,(n/d),[Pron],(n/e),Pronome pessoal de primeira pessoa; o mesmo que meu.,"Quano (T...) saía eu imbolava tudo no meu quarto todo mundo drumia cumigo nós ficava tudo a pelota lá e eu butuada no terço na nossa senhora da conceição a chuva ia cessano cessano até passá falei ôta tempestada eu num vô ficá aqui ô vô juntá môs fio"""". (Ent. 06, linha 343)"
MOÇA MENINA,(n/d),NCf[Ssing+Ssing],(n/e),Garota.,"Ê num gostava de moça menina não nunca gostô...(C...) era isquisito o distino dele era ficá sortêro memo....é num encarava ninguém não (Ent. 06, linha 75)"
MODA,(A),Nf[Ssing],Fr.,Cantiga.,"Uai na casa que tinha batuque tinha baile...onde tinha moda de batuque tinha moda de baile sanfona cumia menina num pudia vê (Ent. 06, linha 75)"
MODE,(n/d),[Adv],(n/e),A fim de; para.,"Ea tava com a manguarinha ea catucô ea assim com a varinha catucô a égua com a varinha pelejô mode a égua levantá a égua num quis levantá não (Ent. 02, linha 211)"
MOENDA~MUENDA,(A),Nf[Ssing],Lat>Port,Peça do engenho que serve para moer.,"Num sobrô nem uma muenda pra contá caso...quebrô as treis muenda rachô como se fosse um curisco que caiu nele (Ent. 02, linha 192) ""Engem de pau é treis moenda em pé né? assim ó tem duas aqui e ôtra aqui aí tem os dente põe a bulandera lá os cavalo vai tocano"" (Ent. 04, linha 183)"
MORADA,(A),Nf[Ssing],Lat>Port,Lugar onde se mora; casa.,"Mamãe ficava assim ó limpano a água pa mode pegá ela limpa pra levá lá pra cima e subiu um dregau minha fia papai morava nos arto era morada da (B...) (Ent. 06, linha 380)"
MUCADO~MUCADIM,(n/d),Nm[Ssing],(n/e),Tanto; quantidade indefinida.,"Depois que eu casei moro aqui...até hoje...tem um mucado de ano (Ent. 01, linha 175) ""Mais graças a deus mais foi pra treiná com os serviço né porque nem tanto a gente vindia né...porque fazia pôco num dava conta de fazê muito de uma vez...ia fazeno os mucadim mas o purví era dessas duas dona que eu tô falano"" (Ent. 01, linha 280)"
MUNHO,(A),Nm[Ssing],Lat>Port,Engenho composto por astes giratórias destinadas a moer cereais.,"O marido dela (J...N...) foi mudô pá Pedo Leopoldo inventô de fazê um munho lá...um...um...munho d’vento era um trem de ar (Ent. 03, linha 67)"
OFÍÇO~OFICI,(A),Nm[Ssing],Lat>Port,Conjunto de preces pelo descanso das almas dos mortos.,"Ela era diferente...de tudo...ela pá morrê ela chamô...pidiu a neta dela pa pidi nós pa i lá rezá o ofíço que era a única coisa que tava pricisano pra ela parti era um ofíço pos nego largá a fazenda. (Ent. 03, linha 59)""Ea via os nego passá de corrente ...no suaio...aí pidiu..aí nós fomo lá e rezô o ofíci pra ea"" (Ent. 03, linha 59)"
OSSO RINGIDO,(n/d),NCm[Ssing+Adj],(n/e),Osso que apresenta alguma trinca.,"Jesus é nascido...jesus nascido é...fí da virge maria...sem pecado é...me cura essa rigindura...jesus Nazaré...ê me benze...de carne quebrada...veia rôta...nervo assombrado...junta iscunjuntada...osso ringido...assim mesmo jesus me cura...com deus pai deus filho deus isprito santo amém (Ent. 01, linhas 374, 406 e 437)"
PAIOL,(n/d),Nm[Ssing],Cast.,Construção próxima à casa da fazenda onde é armazenado o milho seco.,"Num tinha nem paiol...muntuava lá ai fazia aquê terrerão rudiado de côro ao redó e cascava o mi todo e batia tudo e inchia aquea purção de saco (Ent. 09, linhas 363)"
PANTASMA,(A),Nm[Ssing+Adj],Lat>Port,"Imagem ilusória, fantasmagoria. O mesmo que fantasma.","PESQ.: via o que? INF.: pantasma...é via pantasma ((risos)) de premero as sombração...pantasma era sorta menina num tinha negóço de cento pra prendê as arma né menina depois que discubriu esses curadô tinha cento as arma (Ent. 06, linhas 378)"
PINGA,(A),Nf [Ssing],(n/e),Bebida feita através da fermentação da cana-de-açúcar.,"Uai gastava pinga aí pra bebê pra tê menino essas coisa pá tê corage pa tê menino fazia chá com arruda e tudo mais (Ent. 05, linhas 122)"
QUALIDADE,(n/d),Nm[Ssing],Lat>Port,"Espécie, tipo.","Tinha bizorro marelo mangangá tinha bizorro de umas quatro qualidade saía e pastava pra onde ele quisesse mais de nôte morava lá (Ent. 04, linhas 380) "
QUEBRA TORTO,(n/d),[Fras],(n/e),"Bolos, pães ou biscoistos servidos no café da manhã.","Gritava de madugada o cumpadi (J...) tá na hora do quebra torto tem quentão ês arrumava um tanto de trem...tem quejo tem tudo"""" (Ent. 08, linha 108)"
QUEDE,(A),[Pron. Int.],(n/e),O mesmo que ‘que é de’.,"Aí quano (M...A...) tava lá fora arrumano a fila pras menina entrá...pra...subi no artá né aí nhá (R...) priguntô uai (M...A...) quede sá (A...)? é ea que envem na frente mais S pra coroá cadê ea?"""" (Ent. 03, linha 39)"
RANCHO~RANCHIM,(A),Nm[Ssing],Esp.,"Cabana provisória feita no mato ou nas roças, geralmente de palha.","Morei por todo lado da vida depois vortava pro ranchim de novo aí fui ganhá a (N...) aí no mesmo rancho aí(Ent. 06, linha 152)"
RÔPA DE JOÃO DE BARRO,(n/d),[Fras],(n/e),Roupa de cor marrom.,"Ê tá co uma rôpa de João de barro...falei tá no Zé Dia...aqui em cima chama Zé Dia né...aí mia fia fomo pra lá (Ent. 09, linha 98)"
SOMBRAÇÃO,(A),Nf [Ssing],cont.,Alma do outro mundo.,"De premero as sombração...pantasma era sorta menina num tinha negóço de cento pra prendê as arma né menina depois que discubriu esses curadô tinha cento as arma ficô mais ocupada que num pareceu mais pra ninguém não (Ent. 06, linha 379)"
TABATINGA,(A),Nf[Ssing],Ind.,Tipo de terra clara e extremamente fina utilizada na conservação de grãos.,"Jogava aquea fejãozêra pôdi fora pudia curá ê curava com tabatinga né ea num tinha num punha reméido não...tabatinga cê cunhece né? é aquilo ali buscava carro assim de tabatinga quebrava ea toda penerava bem peneradinha jugava o fejão na tacha e mexia aquês pôdi separava tudo jugava fora jugava no terrero aí cê penerava a ( ) e misturava ficava uns treis dia secano pudia guardá ficava uns treis quatro ano sem dá um bicho (Ent. 11, linhas 238 e 239)"
TACA,(A),Nf[Ssing],cont.,Espécie de chicote de couro achatado e cabo de madeira.,"Cortei esse burro na taca quano chegô perto da moça eu fui e levei a mão pra pegá no braço da moça o pai dela gritô num faz isso c’ela não que ocê me mata ela"""" (Ent. 02, linha 130)"
TACHA,(A),Nf[Ssing],obs.,Reciente de cobre sem alças.,"Jugava o fejão na tacha e mexia aquês pôdi separava tudo jugava fora jugava no terrero aí cê penerava a ( ) e misturava ficava uns treis dia secano pudia guardá ficava uns treis quatro ano sem dá um bicho. (Ent. 02, linha 240)"
TACHO,(A),Nm[Ssing],obs.,Recipiente de metal ou de cobre com duas alças laterais.,"No torcê a massa aquela água vai...o purví vai assentano ô numa gamela ô no tacho que parô ea o pruví vai assentano (Ent. 01, linha 255)"
TATU PASSA AQUI,(n/A),[Fras],(n/e),Tipo de dança de roda.,"Lá na casa do (Z...B...) dançava benzim né do açuaio até o (R...) do (Z...B...) gostava de dançá com nóis condafé falava a agora nós já dançô mucho vão fazê agora é tatu passa aqui...esse tatu passa aqui era a cumá (Z...) era a (M...) era aquea rodada era (R...) do (Z...B...) o (J...) tudo de mão dada dançano tatu passa aqui (Ent. 09, linhas 36 e 37)"
TECEDERA,(A),Nf[Ssing],Lat>Port,Mulher que faz tecidos no tear.,"Levava pro tiá né ea ia po tiá e o tiá tinha diversos pente um pente mais grosso ôto mais fino sabe diversos pente aí agora ea tinha que infiá aquilo tudo né a tecedera pra tecê a cuberta. (Ent. 09, linha 41)"
TEMPESTADA,(A),Nf[Ssing],Lat>Port,Agitação atmosférica violenta. O mesmo que tempestade.,"Eu tomei uma canca de tempestada uma vez subino no (A..R...) com menino (A...) nas cadêra com o saco dos trem de cume (Ent. 06, linha 356)"
TERRERO,(A),Nm[Ssing],Lat>Port,Espaço de terra plano e largo utilizado para a separação e secagem de grãos.,"Nós ispaiô arrozi no terrero com seis junta de boi ... é ... cumeçô as seis hora da mã/ da tarde quã’ bateu duas ora da madugada nós parô onde nóis oiô nóis oiô pa trazi a inchenti ... a inchenti veio (Ent. 11, linha 02)"
TIJIJUM,(A),Nm[Ssing],Lat>Port,A primeira refeição do dia; café da manhã.,"Quebra torto é a cumida...é...o trem de cumê é as coisa de comê de madugada...é o tijijum (Ent. 07, linha 115)"
TIRAR SAL NA MULERA,(n/d),[Fras],(n/e),Sacrificar-se.,"Pareceu um moço pra podê namorá ea ea já tava com vinte e treis ano mamãe cavacô coitadinha tirô sal na mulera pa arrumá o casamento dela mais rumô rumô e fez um festão caso (Ent. 06, linha 22)"
TOICIM,(A),Nm[Ssing],Lat>Port,Gordura dos porcos.,"Nós ingordava poico trazeno mãindoca na cabeça assim pareceno chifre de boi jogava no terrero é poica é capado cumia engordava que nós num passava farta de toicim né mas agora mia fia ninguém...cê pranta uma mãindoca num pega cê pranta uma rosa num tá pegano mais (Ent. 09, linha 452)"
TREM,(A),Nm[Ssing],Fr.,"Qualquer objeto ou coisa; negócio, treco, troço.","O marido dela (J...N...) foi mudô pá Pedo Leopoldo inventô de fazê um munho lá...um...um...munho d’vento era um trem de ar (Ent. 03, linha 67)"
TRENHAL,(n/d),Nm[Ssing],(n/e),Grande quantidade de objetos ou coisas.,"Punha no cocho...pra ea taiá quando ela taiava tinha a fôrma a fôrma de pau um trenhal assim ó (Ent. 07, linha 50)"
TREVESSAR,(n/d),[V],(n/e),Passar de um lado para outro. O mesmo que atravessar.,"Tinha que apiá ali na rodiviara e trevessá de banda e caminhá uma distança com o daqui a...como daqui lá na casa do (B...) pa podê chegá na casa dela (Ent. 09, linha 141)"
TROPA,(A),Nf[Ssing],Fr.,"Caravana de animais, geralmente burros ou bestas, usados para o trabalho de carga.","Eu fiquei lá bem dizê quas dois mesi muí a cana do cumpá (C...) toda dos vizim tudo lá eu muí tudo com a tropa do cumpá (C...) (Ent. 04, linha 379)"
TROPÊRO,(A),Nm[Ssing],Fr.,Condutor de tropas de carga.,"Os tropêro que passava e vinha de longe vino né...era as posada que tinha né ês passava nesses lugá e ranchava (Ent. 08, linha 283)"
TRUPICAR,(A),[V],arc.,Dar topada com o pé. O mesmo que tropeçar.,"De noite ia na cuzinha tava trupicano ne menino (Ent. 04, linha 127)"
TUIA,(A),Nf[Ssing],cont.,"Grande arca feita de bambu e em alguns casos coberta de barro, usada para guardar cereais.","Barriava mais nóis nunca barriô..fazia ea de bambu bem fechadim que o mantimento num passava na greta...agora o (D...) hoje cê num tá comprano trem pa mode inchê tuia...num é? (Ent. 06, linha 416)"
UNHA DE BOI,(A),NCf[Ssing+prep+Ssing],(n/e),Variedade de cipó cujas folhas assemelham-se ao formato da unha de um boi,"Ê foi e pegô um cipó de oi de unha de boi lá e deu ne mim três ciposada de unha de boi...falei com ele o pai é a primera e a urtima...é a primera e a urtima"" mais que eu fiquei com raiva"" (Ent. 02, linha 239)"
VARA DE FERRÃO,(A),NCf[Ssing+prep+Ssing],(n/e),Vara cumprida com uma ponta de ferro utilizada para tocar gado.,"Teve um que fez pirraça comigo no camim dobrei a vara de ferrão na custela ê me largô lá no mato fiquei sozim lá com as criação (Ent. 05, linha 25)"
VARGE,(A),Nf[Ssing],obs.,Planície úmida e fértil cultivada.,"Ocê vai pegá um cavalo na varge pra mim"" passei a mão no cabresto fui lá pegá o cavalo"" (Ent. 02, linha 241)"
VEIA ROTA,(n/d),NCf[Ssing+Adj],(n/e),Veia rebentada.,"Jesus é nascido [...]Jesus nascido é [...] fí da Virge Maria [...] sem pecado é [...]me cura essa ringidura [...]Jesus Nazaré [...] ê me benze [...]de carne quebrada [...] veia rota [...]nervo assombrado [...] junta iscunjuntada [...]osso ringido [...] assim mesmo Jesus me cura (Ent. 01, linhas 368, 400, 431)"
VEIACO,(A),[Adj],Cast.,Esperto.,"Eu falei pois é num ia dá pra sarvá pai"" ê falô ""fica veiaco com esse bicho ( ) se um bicho desse te pegá"""". (Ent. 04, linha 330)"
VENTO IGAUZADO,(n/d),NCm[Ssing+Adj],(n/e),Retenção de Gases Intestinais. O mesmo que vento encausado.,"Pai do fi do isprito santo amem...jesus é nascido Jesus nascido é fí da virge Maria sem pecado é Jesus Nazaré cura (E...) de ispinhela caída vento virado bila derramada ar preso vento igauzado assim mesmo Jesus me cura em nome do pai filho isprito santo amém....jesus de nasaré há de provê tudo e dá miora (Ent. 09, linha 492)"
VENDA,(A),Nf[Ssing],(n/e),Pequeno estabelecimento comercial onde se vendem artigos variados.,"O pai dele saíu foi lá pás venda quano foi de noite envinha com um quejo falô assim levanta pro cê cumê um pedacim do quejo (Ent. 09, linha 495)"
VENTO VIRADO,(A),NCm[Ssing+Adj],(n/e),Prisão de ventre.,"Pai do fi do isprito santo amem...jesus é nascido Jesus nascido é fí da virge Maria sem pecado é Jesus Nazaré cura E de ispinhela caída vento virado bila derramada ar preso vento igauzado assim mesmo Jesus me cura em nome do pai filho isprito santo amém....jesus de nasaré há de provê tudo e dá miora (Ent. 09, linha 492)"
VESPANO,(n/d),[V],(n/e),Nas vésperas; aproximando.,"Nós foi pra lá dento e esse dia como ea era mei cismada colocô os menino tudo lá perto dela diz ela que quano foi lá vespano nessa hora que caiu um trem lá dentro do quarto (Ent. 04, linha 216)"
VORTA DA LUA,(n/A),NCf[Ssing+prep+Ssing],(n/e),Mudança de fase da lua.,"O menino sofreu sofreu num teve chá quente nenhum que dismanchô esse negóço ricuiido né só terra fria que cura né pois ê viveu quano era vorta de lua ê chiava ê chegava aqui ê ficava naquele quarto lá dentro cê iscutava a chiata dele (Ent. 06, linha 397)"
VORTA DO DIA,(n/A),NCf[Ssing+prep+Ssing],(n/e),Horário do dia próximo às doze horas.,"INF.: Lovado seja deus nunca vi ô nêga ô sai daqui vô lá na Parmêra quarqué hora num vejo nada mais alembro da mamãe... era assim na vorta do dia ea ia buscá água chegava lá ea via PESQ.: Via o que? INF.: Pantasma (Ent. 06, linha 369)"
ZUAÇÃO,(n/d),Nm[Ssing],(n/e),"Barulho, zoeira.","No ôto dia tinha uma ruma de cinza assim...eu fiquei lá bem dizê quas dois mesi muí a cana do cumpá (C...) toda dos vizim tudo lá eu muí tudo com a tropa do cumpá (C...) e a zuação acabô (Ent. 04, linha 379)"
ZUNIR,(A),[V],Afr.,"Deslocar-se velozmente, correr, fugir.","Eu vinha com o (A...) que ê era piqueno né ê mamava nas cadêra menina pegô a chuva naquele arto do A R...meu fí tomano chuva taquei uns pano na cabeça dele e zuni (Ent. 06, linha 362)"
